date,overnight
2020-06-01,0.242
2020-05-29,0.246
2020-05-28,0.2358
2020-05-27,0.2386
2020-05-26,0.2393
2020-05-25,0.2402
2020-05-22,0.2383
2020-05-21,0.2323
2020-05-20,0.2295
2020-05-19,0.2219
2020-05-18,0.2233
2020-05-15,0.2233
2020-05-14,0.2233
2020-05-13,0.2259
2020-05-12,0.2258
2020-05-11,0.2212
2020-05-08,0.2179
2020-05-07,0.2193
2020-05-06,0.2108
2020-05-05,0.2316
2020-05-04,0.239
2020-05-01,0.2328
2020-04-30,0.2332
2020-04-29,0.2228
2020-04-28,0.2281
2020-04-27,0.2378
2020-04-24,0.2438
2020-04-23,0.2183
2020-04-22,0.202
2020-04-21,0.2253
2020-04-20,0.2253
2020-04-17,0.2249
2020-04-16,0.2309
2020-04-15,0.2234
2020-04-14,0.2336
2020-04-13,0.2464
2020-04-10,0.2411
2020-04-09,0.2411
2020-04-08,0.2464
2020-04-07,0.249
2020-04-06,0.2479
2020-04-03,0.2488
2020-04-02,0.2456
2020-04-01,0.2471
2020-03-31,0.2439
2020-03-30,0.2475
2020-03-27,0.3098
2020-03-26,0.7449
2020-03-25,0.7456
2020-03-24,0.75
2020-03-23,0.7095
2020-03-20,0.7441
2020-03-19,0.7468
2020-03-18,0.7506
2020-03-17,0.751
2020-03-16,0.7463
2020-03-13,1.2464
2020-03-12,1.2446
2020-03-11,1.2496
2020-03-10,1.2496
2020-03-09,1.2471
2020-03-06,1.2497
2020-03-05,1.25
2020-03-04,1.25
2020-03-03,1.7491
2020-03-02,1.7483
2020-02-28,1.7489
2020-02-27,1.7491
2020-02-26,1.7492
2020-02-25,1.7484
2020-02-24,1.748
2020-02-21,1.7484
2020-02-20,1.7484
2020-02-19,1.7488
2020-02-18,1.7488
2020-02-17,1.7497
2020-02-14,1.7497
2020-02-13,1.7489
2020-02-12,1.7491
2020-02-11,1.7481
2020-02-10,1.7486
2020-02-07,1.7487
2020-02-06,1.7487
2020-02-05,1.7472
2020-02-04,1.7467
2020-02-03,1.7484
2020-01-31,1.7491
2020-01-30,1.7494
2020-01-29,1.7485
2020-01-28,1.7492
2020-01-27,1.7481
2020-01-24,1.7491
2020-01-23,1.7479
2020-01-22,1.7483
2020-01-21,1.7487
2020-01-20,1.7491
2020-01-17,1.7466
2020-01-16,1.7482
2020-01-15,1.7483
2020-01-14,1.75
2020-01-13,1.7489
2020-01-10,1.7477
2020-01-09,1.7483
2020-01-08,1.7469
2020-01-07,1.7493
2020-01-06,1.7491
2020-01-03,1.7491
2020-01-02,1.7491
2020-01-01,1.7513
2019-12-31,1.7513
2019-12-30,1.7475
2019-12-27,1.746
2019-12-26,1.748
2019-12-25,1.748
2019-12-24,1.748
2019-12-23,1.7445
2019-12-20,1.749
2019-12-19,1.7478
2019-12-18,1.7473
2019-12-17,1.7481
2019-12-16,1.7482
2019-12-13,1.7497
2019-12-12,1.749
2019-12-11,1.7469
2019-12-10,1.7494
2019-12-09,1.7491
2019-12-06,1.7486
2019-12-05,1.7479
2019-12-04,1.7474
2019-12-03,1.7484
2019-12-02,1.7469
2019-11-29,1.749
2019-11-28,1.7477
2019-11-27,1.7479
2019-11-26,1.7494
2019-11-25,1.7479
2019-11-22,1.749
2019-11-21,1.7486
2019-11-20,1.7489
2019-11-19,1.748
2019-11-18,1.7492
2019-11-15,1.7473
2019-11-14,1.7497
2019-11-13,1.7493
2019-11-12,1.7491
2019-11-11,1.7489
2019-11-08,1.7489
2019-11-07,1.7485
2019-11-06,1.7471
2019-11-05,1.7471
2019-11-04,1.7483
2019-11-01,1.7483
2019-10-31,1.75
2019-10-30,1.7496
2019-10-29,1.7367
2019-10-28,1.7487
2019-10-25,1.7492
2019-10-24,1.748
2019-10-23,1.7486
2019-10-22,1.7481
2019-10-21,1.7476
2019-10-18,1.7475
2019-10-17,1.7484
2019-10-16,1.7482
2019-10-15,1.7496
2019-10-14,1.7478
2019-10-11,1.7478
2019-10-10,1.7487
2019-10-09,1.7495
2019-10-08,1.7466
2019-10-07,1.7478
2019-10-04,1.7496
2019-10-03,1.7496
2019-10-02,1.7494
2019-10-01,1.7478
2019-09-30,1.7483
2019-09-27,1.7463
2019-09-26,1.7451
2019-09-25,1.7424
2019-09-24,1.7466
2019-09-23,1.7416
2019-09-20,1.7479
2019-09-19,1.7438
2019-09-18,1.7489
2019-09-17,1.744
2019-09-16,1.747
2019-09-13,1.7495
2019-09-12,1.7461
2019-09-11,1.75
2019-09-10,1.7472
2019-09-09,1.7465
2019-09-06,1.7469
2019-09-05,1.7482
2019-09-04,1.7476
2019-09-03,1.7477
2019-09-02,1.7457
2019-08-30,1.7457
2019-08-29,1.749
2019-08-28,1.7467
2019-08-27,1.7483
2019-08-26,1.7477
2019-08-23,1.7484
2019-08-22,1.7488
2019-08-21,1.7476
2019-08-20,1.7466
2019-08-19,1.7464
2019-08-16,1.7475
2019-08-15,1.7485
2019-08-14,1.75
2019-08-13,1.7471
2019-08-12,1.7467
2019-08-09,1.749
2019-08-08,1.7479
2019-08-07,1.7479
2019-08-06,1.7473
2019-08-05,1.7483
2019-08-02,1.7483
2019-08-01,1.7486
2019-07-31,1.7543
2019-07-30,1.7458
2019-07-29,1.7457
2019-07-26,1.7456
2019-07-25,1.7458
2019-07-24,1.7453
2019-07-23,1.7472
2019-07-22,1.7477
2019-07-19,1.7482
2019-07-18,1.7475
2019-07-17,1.7475
2019-07-16,1.749
2019-07-15,1.744
2019-07-12,1.7445
2019-07-11,1.7437
2019-07-10,1.7449
2019-07-09,1.7454
2019-07-08,1.7441
2019-07-05,1.7469
2019-07-04,1.7486
2019-07-03,1.7468
2019-07-02,1.7461
2019-07-01,1.7346
2019-06-28,1.7346
2019-06-27,1.7401
2019-06-26,1.7349
2019-06-25,1.7363
2019-06-24,1.7462
2019-06-21,1.7462
2019-06-20,1.7445
2019-06-19,1.7412
2019-06-18,1.7387
2019-06-17,1.7429
2019-06-14,1.7468
2019-06-13,1.7471
2019-06-12,1.7403
2019-06-11,1.7448
2019-06-10,1.7385
2019-06-07,1.7428
2019-06-06,1.7394
2019-06-05,1.7488
2019-06-04,1.7481
2019-06-03,1.7497
2019-05-31,1.7449
2019-05-30,1.7456
2019-05-29,1.7426
2019-05-28,1.7437
2019-05-27,1.7359
2019-05-24,1.7485
2019-05-23,1.747
2019-05-22,1.7465
2019-05-21,1.7471
2019-05-20,1.7456
2019-05-17,1.7456
2019-05-16,1.7477
2019-05-15,1.7476
2019-05-14,1.7444
2019-05-13,1.745
2019-05-10,1.7414
2019-05-09,1.7432
2019-05-08,1.7432
2019-05-07,1.7408
2019-05-06,1.7476
2019-05-03,1.7476
2019-05-02,1.7494
2019-05-01,1.7457
2019-04-30,1.7507
2019-04-29,1.7466
2019-04-26,1.7473
2019-04-25,1.7472
2019-04-24,1.7457
2019-04-23,1.7453
2019-04-22,1.7458
2019-04-19,1.7461
2019-04-18,1.7461
2019-04-17,1.742
2019-04-16,1.7476
2019-04-15,1.7458
2019-04-12,1.7496
2019-04-11,1.7477
2019-04-10,1.7468
2019-04-09,1.7459
2019-04-08,1.7486
2019-04-05,1.7473
2019-04-04,1.7472
2019-04-03,1.7475
2019-04-02,1.7485
2019-04-01,1.7458
2019-03-29,1.7449
2019-03-28,1.7467
2019-03-27,1.7459
2019-03-26,1.7476
2019-03-25,1.7471
2019-03-22,1.7454
2019-03-21,1.7462
2019-03-20,1.7469
2019-03-19,1.7452
2019-03-18,1.7484
2019-03-15,1.746
2019-03-14,1.7487
2019-03-13,1.7472
2019-03-12,1.7471
2019-03-11,1.7477
2019-03-08,1.7462
2019-03-07,1.7473
2019-03-06,1.7484
2019-03-05,1.7479
2019-03-04,1.7483
2019-03-01,1.7465
2019-02-28,1.7482
2019-02-27,1.7485
2019-02-26,1.744
2019-02-25,1.7458
2019-02-22,1.7443
2019-02-21,1.7475
2019-02-20,1.7472
2019-02-19,1.7472
2019-02-18,1.7489
2019-02-15,1.7489
2019-02-14,1.7483
2019-02-13,1.7479
2019-02-12,1.7464
2019-02-11,1.7472
2019-02-08,1.7487
2019-02-07,1.7454
2019-02-06,1.7478
2019-02-05,1.7477
2019-02-04,1.7478
2019-02-01,1.7471
2019-01-31,1.7469
2019-01-30,1.7472
2019-01-29,1.7458
2019-01-28,1.7474
2019-01-25,1.7453
2019-01-24,1.7473
2019-01-23,1.7469
2019-01-22,1.7493
2019-01-21,1.7474
2019-01-18,1.7467
2019-01-17,1.7492
2019-01-16,1.7467
2019-01-15,1.7468
2019-01-14,1.744
2019-01-11,1.7494
2019-01-10,1.7497
2019-01-09,1.7479
2019-01-08,1.7504
2019-01-07,1.7507
2019-01-04,1.75
2019-01-03,1.7518
2019-01-02,1.7529
2019-01-01,1.7619
2018-12-31,1.7619
2018-12-28,1.7509
2018-12-27,1.7508
2018-12-26,1.7554
2018-12-25,1.7554
2018-12-24,1.7554
2018-12-21,1.7487
2018-12-20,1.7489
2018-12-19,1.7478
2018-12-18,1.7491
2018-12-17,1.7484
2018-12-14,1.753
2018-12-13,1.7481
2018-12-12,1.748
2018-12-11,1.7495
2018-12-10,1.7484
2018-12-07,1.7477
2018-12-06,1.7486
2018-12-05,1.748
2018-12-04,1.7483
2018-12-03,1.748
2018-11-30,1.7493
2018-11-29,1.7479
2018-11-28,1.7463
2018-11-27,1.7495
2018-11-26,1.7484
2018-11-23,1.7466
2018-11-22,1.7468
2018-11-21,1.7466
2018-11-20,1.7467
2018-11-19,1.7461
2018-11-16,1.7461
2018-11-15,1.7457
2018-11-14,1.7478
2018-11-13,1.7455
2018-11-12,1.7481
2018-11-09,1.7481
2018-11-08,1.7452
2018-11-07,1.7464
2018-11-06,1.7473
2018-11-05,1.7466
2018-11-02,1.7439
2018-11-01,1.7507
2018-10-31,1.7473
2018-10-30,1.7454
2018-10-29,1.7455
2018-10-26,1.7475
2018-10-25,1.7527
2018-10-24,1.7493
2018-10-23,1.4983
2018-10-22,1.498
2018-10-19,1.498
2018-10-18,1.4971
2018-10-17,1.4993
2018-10-16,1.4963
2018-10-15,1.4984
2018-10-12,1.4973
2018-10-11,1.4987
2018-10-10,1.4986
2018-10-09,1.4951
2018-10-08,1.4989
2018-10-05,1.4989
2018-10-04,1.4993
2018-10-03,1.4917
2018-10-02,1.4981
2018-10-01,1.4961
2018-09-28,1.4961
2018-09-27,1.4997
2018-09-26,1.498
2018-09-25,1.4992
2018-09-24,1.4984
2018-09-21,1.4977
2018-09-20,1.4965
2018-09-19,1.4958
2018-09-18,1.4985
2018-09-17,1.4956
2018-09-14,1.4976
2018-09-13,1.495
2018-09-12,1.4947
2018-09-11,1.4985
2018-09-10,1.4983
2018-09-07,1.4984
2018-09-06,1.4898
2018-09-05,1.4935
2018-09-04,1.4915
2018-09-03,1.4987
2018-08-31,1.4987
2018-08-30,1.4768
2018-08-29,1.4798
2018-08-28,1.4992
2018-08-27,1.4984
2018-08-24,1.499
2018-08-23,1.4981
2018-08-22,1.4953
2018-08-21,1.4947
2018-08-20,1.4981
2018-08-17,1.4984
2018-08-16,1.4982
2018-08-15,1.4977
2018-08-14,1.4968
2018-08-13,1.4975
2018-08-10,1.4988
2018-08-09,1.4993
2018-08-08,1.4917
2018-08-07,1.4975
2018-08-06,1.4981
2018-08-03,1.4981
2018-08-02,1.4881
2018-08-01,1.4989
2018-07-31,1.4984
2018-07-30,1.5038
2018-07-27,1.507
2018-07-26,1.5015
2018-07-25,1.4978
2018-07-24,1.4957
2018-07-23,1.4965
2018-07-20,1.492
2018-07-19,1.4973
2018-07-18,1.4756
2018-07-17,1.4823
2018-07-16,1.4966
2018-07-13,1.498
2018-07-12,1.4967
2018-07-11,1.4957
2018-07-10,1.2474
2018-07-09,1.248
2018-07-06,1.2473
2018-07-05,1.2455
2018-07-04,1.2453
2018-07-03,1.2485
2018-07-02,1.2504
2018-06-29,1.2504
2018-06-28,1.2477
2018-06-27,1.244
2018-06-26,1.2463
2018-06-25,1.2486
2018-06-22,1.2459
2018-06-21,1.2483
2018-06-20,1.2466
2018-06-19,1.2486
2018-06-18,1.2476
2018-06-15,1.2512
2018-06-14,1.2478
2018-06-13,1.2466
2018-06-12,1.2516
2018-06-11,1.2452
2018-06-08,1.2381
2018-06-07,1.2477
2018-06-06,1.2479
2018-06-05,1.2524
2018-06-04,1.2528
2018-06-01,1.2548
2018-05-31,1.2421
2018-05-30,1.2466
2018-05-29,1.2481
2018-05-28,1.2427
2018-05-25,1.2422
2018-05-24,1.2395
2018-05-23,1.2415
2018-05-22,1.2467
2018-05-21,1.2461
2018-05-18,1.2461
2018-05-17,1.2446
2018-05-16,1.246
2018-05-15,1.2457
2018-05-14,1.2475
2018-05-11,1.2445
2018-05-10,1.2471
2018-05-09,1.2439
2018-05-08,1.2473
2018-05-07,1.2469
2018-05-04,1.247
2018-05-03,1.2473
2018-05-02,1.2477
2018-05-01,1.2481
2018-04-30,1.2467
2018-04-27,1.2483
2018-04-26,1.2491
2018-04-25,1.2483
2018-04-24,1.248
2018-04-23,1.2456
2018-04-20,1.2461
2018-04-19,1.2422
2018-04-18,1.2464
2018-04-17,1.2464
2018-04-16,1.2481
2018-04-13,1.2444
2018-04-12,1.2361
2018-04-11,1.2401
2018-04-10,1.2406
2018-04-09,1.2336
2018-04-06,1.2423
2018-04-05,1.2542
2018-04-04,1.2462
2018-04-03,1.2519
2018-04-02,1.25
2018-03-30,1.2468
2018-03-29,1.2468
2018-03-28,1.2425
2018-03-27,1.2475
2018-03-26,1.2461
2018-03-23,1.2463
2018-03-22,1.2449
2018-03-21,1.2368
2018-03-20,1.2279
2018-03-19,1.231
2018-03-16,1.2339
2018-03-15,1.2271
2018-03-14,1.2437
2018-03-13,1.2291
2018-03-12,1.2337
2018-03-09,1.2438
2018-03-08,1.2391
2018-03-07,1.2435
2018-03-06,1.2363
2018-03-05,1.245
2018-03-02,1.242
2018-03-01,1.2404
2018-02-28,1.2382
2018-02-27,1.2438
2018-02-26,1.2373
2018-02-23,1.2366
2018-02-22,1.2278
2018-02-21,1.2294
2018-02-20,1.2313
2018-02-19,1.2462
2018-02-16,1.2462
2018-02-15,1.2297
2018-02-14,1.2351
2018-02-13,1.2459
2018-02-12,1.2341
2018-02-09,1.2437
2018-02-08,1.2346
2018-02-07,1.2324
2018-02-06,1.2339
2018-02-05,1.2426
2018-02-02,1.2491
2018-02-01,1.2493
2018-01-31,1.2486
2018-01-30,1.2435
2018-01-29,1.2486
2018-01-26,1.2465
2018-01-25,1.2425
2018-01-24,1.2284
2018-01-23,1.2415
2018-01-22,1.2122
2018-01-19,1.2484
2018-01-18,1.2515
2018-01-17,1.2459
2018-01-16,0.996
2018-01-15,0.9973
2018-01-12,0.9974
2018-01-11,0.9976
2018-01-10,0.9965
2018-01-09,0.9941
2018-01-08,0.9964
2018-01-05,0.9946
2018-01-04,0.9898
2018-01-03,0.9953
2018-01-02,0.9967
2018-01-01,0.9975
2017-12-29,0.9975
2017-12-28,1.0022
2017-12-27,0.9978
2017-12-26,0.997
2017-12-25,0.997
2017-12-22,0.997
2017-12-21,0.9963
2017-12-20,0.9961
2017-12-19,0.9942
2017-12-18,0.9955
2017-12-15,0.9957
2017-12-14,0.9979
2017-12-13,0.9967
2017-12-12,0.9954
2017-12-11,0.9971
2017-12-08,0.9957
2017-12-07,0.9919
2017-12-06,0.9942
2017-12-05,0.9935
2017-12-04,0.9932
2017-12-01,0.9976
2017-11-30,0.993
2017-11-29,0.9894
2017-11-28,0.996
2017-11-27,0.9948
2017-11-24,0.9924
2017-11-23,0.9836
2017-11-22,0.9955
2017-11-21,0.9886
2017-11-20,0.9945
2017-11-17,0.9895
2017-11-16,0.9907
2017-11-15,0.9847
2017-11-14,0.988
2017-11-13,0.9889
2017-11-10,0.9889
2017-11-09,0.9948
2017-11-08,0.9822
2017-11-07,0.9894
2017-11-06,0.9913
2017-11-03,0.9943
2017-11-02,1.003
2017-11-01,0.9982
2017-10-31,0.9924
2017-10-30,0.9816
2017-10-27,0.9928
2017-10-26,0.9934
2017-10-25,0.9972
2017-10-24,0.994
2017-10-23,0.9963
2017-10-20,0.9954
2017-10-19,0.9949
2017-10-18,0.994
2017-10-17,0.9956
2017-10-16,0.9922
2017-10-13,0.9957
2017-10-12,0.9941
2017-10-11,0.9846
2017-10-10,0.9803
2017-10-09,0.994
2017-10-06,0.994
2017-10-05,0.9961
2017-10-04,0.9961
2017-10-03,0.9958
2017-10-02,0.9974
2017-09-29,0.9693
2017-09-28,0.9823
2017-09-27,0.9923
2017-09-26,0.9869
2017-09-25,0.9928
2017-09-22,0.9966
2017-09-21,0.9972
2017-09-20,0.997
2017-09-19,0.9947
2017-09-18,0.9979
2017-09-15,0.9954
2017-09-14,0.9974
2017-09-13,0.9964
2017-09-12,0.9992
2017-09-11,0.9971
2017-09-08,0.9991
2017-09-07,1.0008
2017-09-06,0.9983
2017-09-05,0.7543
2017-09-04,0.7588
2017-09-01,0.7588
2017-08-31,0.7479
2017-08-30,0.7481
2017-08-29,0.7469
2017-08-28,0.7469
2017-08-25,0.7473
2017-08-24,0.7474
2017-08-23,0.7463
2017-08-22,0.7449
2017-08-21,0.7455
2017-08-18,0.7483
2017-08-17,0.7504
2017-08-16,0.7472
2017-08-15,0.7355
2017-08-14,0.7466
2017-08-11,0.7229
2017-08-10,0.7255
2017-08-09,0.733
2017-08-08,0.7317
2017-08-07,0.7466
2017-08-04,0.7466
2017-08-03,0.7467
2017-08-02,0.7463
2017-08-01,0.7475
2017-07-31,0.7444
2017-07-28,0.7468
2017-07-27,0.7417
2017-07-26,0.7427
2017-07-25,0.7413
2017-07-24,0.744
2017-07-21,0.7383
2017-07-20,0.7469
2017-07-19,0.7458
2017-07-18,0.7335
2017-07-17,0.7448
2017-07-14,0.7479
2017-07-13,0.7466
2017-07-12,0.7452
2017-07-11,0.496
2017-07-10,0.4949
2017-07-07,0.4939
2017-07-06,0.496
2017-07-05,0.4962
2017-07-04,0.4988
2017-07-03,0.497
2017-06-30,0.497
2017-06-29,0.4974
2017-06-28,0.4951
2017-06-27,0.4964
2017-06-26,0.4941
2017-06-23,0.4923
2017-06-22,0.4959
2017-06-21,0.4946
2017-06-20,0.4956
2017-06-19,0.4973
2017-06-16,0.4916
2017-06-15,0.4916
2017-06-14,0.4923
2017-06-13,0.4946
2017-06-12,0.4898
2017-06-09,0.4927
2017-06-08,0.491
2017-06-07,0.4898
2017-06-06,0.49
2017-06-05,0.4956
2017-06-02,0.4969
2017-06-01,0.4987
2017-05-31,0.478
2017-05-30,0.4878
2017-05-29,0.4891
2017-05-26,0.4909
2017-05-25,0.4926
2017-05-24,0.4904
2017-05-23,0.4907
2017-05-22,0.4903
2017-05-19,0.4903
2017-05-18,0.4896
2017-05-17,0.4921
2017-05-16,0.4815
2017-05-15,0.4934
2017-05-12,0.4966
2017-05-11,0.4859
2017-05-10,0.4929
2017-05-09,0.4928
2017-05-08,0.4949
2017-05-05,0.4938
2017-05-04,0.4942
2017-05-03,0.4939
2017-05-02,0.4987
2017-05-01,0.503
2017-04-28,0.4954
2017-04-27,0.4951
2017-04-26,0.4964
2017-04-25,0.4971
2017-04-24,0.4986
2017-04-21,0.4951
2017-04-20,0.4896
2017-04-19,0.4896
2017-04-18,0.4965
2017-04-17,0.4897
2017-04-14,0.4938
2017-04-13,0.4938
2017-04-12,0.4914
2017-04-11,0.4914
2017-04-10,0.5022
2017-04-07,0.499
2017-04-06,0.5066
2017-04-05,0.5067
2017-04-04,0.5064
2017-04-03,0.5134
2017-03-31,0.5087
2017-03-30,0.5061
2017-03-29,0.5014
2017-03-28,0.4996
2017-03-27,0.5001
2017-03-24,0.5029
2017-03-23,0.4924
2017-03-22,0.4898
2017-03-21,0.498
2017-03-20,0.4988
2017-03-17,0.492
2017-03-16,0.4908
2017-03-15,0.4862
2017-03-14,0.4951
2017-03-13,0.4832
2017-03-10,0.4865
2017-03-09,0.495
2017-03-08,0.4957
2017-03-07,0.4927
2017-03-06,0.492
2017-03-03,0.4884
2017-03-02,0.4953
2017-03-01,0.4953
2017-02-28,0.4844
2017-02-27,0.4979
2017-02-24,0.4958
2017-02-23,0.4978
2017-02-22,0.4956
2017-02-21,0.497
2017-02-20,0.4872
2017-02-17,0.4872
2017-02-16,0.4795
2017-02-15,0.4899
2017-02-14,0.4977
2017-02-13,0.4956
2017-02-10,0.4937
2017-02-09,0.4914
2017-02-08,0.4907
2017-02-07,0.4923
2017-02-06,0.4842
2017-02-03,0.4803
2017-02-02,0.4909
2017-02-01,0.4954
2017-01-31,0.4932
2017-01-30,0.4784
2017-01-27,0.4936
2017-01-26,0.4939
2017-01-25,0.491
2017-01-24,0.4842
2017-01-23,0.4845
2017-01-20,0.49
2017-01-19,0.4896
2017-01-18,0.4831
2017-01-17,0.4866
2017-01-16,0.4932
2017-01-13,0.4943
2017-01-12,0.4934
2017-01-11,0.4918
2017-01-10,0.4869
2017-01-09,0.4948
2017-01-06,0.4981
2017-01-05,0.5007
2017-01-04,0.5002
2017-01-03,0.4931
2017-01-02,0.4914
2016-12-30,0.4914
2016-12-29,0.4972
2016-12-28,0.4973
2016-12-27,0.4926
2016-12-26,0.4926
2016-12-23,0.4926
2016-12-22,0.4949
2016-12-21,0.4949
2016-12-20,0.4948
2016-12-19,0.4938
2016-12-16,0.496
2016-12-15,0.5038
2016-12-14,0.4964
2016-12-13,0.4963
2016-12-12,0.4962
2016-12-09,0.496
2016-12-08,0.4964
2016-12-07,0.4964
2016-12-06,0.4964
2016-12-05,0.4955
2016-12-02,0.4767
2016-12-01,0.5055
2016-11-30,0.4853
2016-11-29,0.4751
2016-11-28,0.489
2016-11-25,0.4942
2016-11-24,0.4929
2016-11-23,0.4896
2016-11-22,0.4936
2016-11-21,0.4946
2016-11-18,0.4925
2016-11-17,0.4862
2016-11-16,0.4881
2016-11-15,0.494
2016-11-14,0.4886
2016-11-11,0.4764
2016-11-10,0.4764
2016-11-09,0.4962
2016-11-08,0.4961
2016-11-07,0.4975
2016-11-04,0.4966
2016-11-03,0.497
2016-11-02,0.5
2016-11-01,0.4992
2016-10-31,0.4944
2016-10-28,0.4934
2016-10-27,0.4809
2016-10-26,0.4667
2016-10-25,0.4925
2016-10-24,0.487
2016-10-21,0.4948
2016-10-20,0.4874
2016-10-19,0.4959
2016-10-18,0.4812
2016-10-17,0.4962
2016-10-14,0.4922
2016-10-13,0.4931
2016-10-12,0.4974
2016-10-11,0.501
2016-10-10,0.5015
2016-10-07,0.5015
2016-10-06,0.5014
2016-10-05,0.5014
2016-10-04,0.5025
2016-10-03,0.4994
2016-09-30,0.5102
2016-09-29,0.5005
2016-09-28,0.4979
2016-09-27,0.4962
2016-09-26,0.4971
2016-09-23,0.4968
2016-09-22,0.4967
2016-09-21,0.4968
2016-09-20,0.4968
2016-09-19,0.4932
2016-09-16,0.4967
2016-09-15,0.4985
2016-09-14,0.4994
2016-09-13,0.4991
2016-09-12,0.4978
2016-09-09,0.5017
2016-09-08,0.5007
2016-09-07,0.4977
2016-09-06,0.4967
2016-09-05,0.5065
2016-09-02,0.5065
2016-09-01,0.51
2016-08-31,0.4875
2016-08-30,0.4963
2016-08-29,0.4892
2016-08-26,0.4939
2016-08-25,0.4937
2016-08-24,0.4908
2016-08-23,0.4982
2016-08-22,0.4988
2016-08-19,0.4999
2016-08-18,0.5011
2016-08-17,0.5006
2016-08-16,0.5006
2016-08-15,0.5046
2016-08-12,0.4927
2016-08-11,0.4974
2016-08-10,0.5001
2016-08-09,0.5
2016-08-08,0.5002
2016-08-05,0.4985
2016-08-04,0.5009
2016-08-03,0.5122
2016-08-02,0.5257
2016-08-01,0.5239
2016-07-29,0.5239
2016-07-28,0.5133
2016-07-27,0.506
2016-07-26,0.519
2016-07-25,0.5088
2016-07-22,0.5026
2016-07-21,0.5129
2016-07-20,0.5028
2016-07-19,0.5017
2016-07-18,0.5032
2016-07-15,0.5036
2016-07-14,0.5026
2016-07-13,0.5047
2016-07-12,0.5005
2016-07-11,0.5037
2016-07-08,0.5043
2016-07-07,0.5014
2016-07-06,0.5098
2016-07-05,0.5105
2016-07-04,0.5068
2016-07-01,0.5187
2016-06-30,0.5187
2016-06-29,0.5083
2016-06-28,0.5014
2016-06-27,0.4994
2016-06-24,0.5045
2016-06-23,0.5018
2016-06-22,0.4999
2016-06-21,0.5129
2016-06-20,0.5017
2016-06-17,0.5218
2016-06-16,0.5076
2016-06-15,0.5049
2016-06-14,0.4978
2016-06-13,0.4994
2016-06-10,0.4985
2016-06-09,0.4984
2016-06-08,0.4994
2016-06-07,0.5143
2016-06-06,0.5078
2016-06-03,0.5085
2016-06-02,0.5172
2016-06-01,0.5276
2016-05-31,0.5161
2016-05-30,0.5045
2016-05-27,0.5052
2016-05-26,0.4978
2016-05-25,0.4954
2016-05-24,0.4971
2016-05-23,0.4994
2016-05-20,0.4994
2016-05-19,0.4918
2016-05-18,0.4975
2016-05-17,0.4965
2016-05-16,0.4988
2016-05-13,0.4991
2016-05-12,0.4861
2016-05-11,0.499
2016-05-10,0.499
2016-05-09,0.502
2016-05-06,0.5
2016-05-05,0.5041
2016-05-04,0.5011
2016-05-03,0.5011
2016-05-02,0.507
2016-04-29,0.511
2016-04-28,0.5023
2016-04-27,0.5007
2016-04-26,0.5036
2016-04-25,0.5021
2016-04-22,0.4988
2016-04-21,0.5006
2016-04-20,0.5002
2016-04-19,0.5009
2016-04-18,0.5011
2016-04-15,0.5023
2016-04-14,0.4993
2016-04-13,0.4993
2016-04-12,0.5032
2016-04-11,0.5044
2016-04-08,0.5032
2016-04-07,0.5033
2016-04-06,0.5062
2016-04-05,0.509
2016-04-04,0.5008
2016-04-01,0.4978
2016-03-31,0.4995
2016-03-30,0.4981
2016-03-29,0.4977
2016-03-28,0.4974
2016-03-25,0.4983
2016-03-24,0.4983
2016-03-23,0.4976
2016-03-22,0.4976
2016-03-21,0.4979
2016-03-18,0.4983
2016-03-17,0.4977
2016-03-16,0.4985
2016-03-15,0.4974
2016-03-14,0.4992
2016-03-11,0.5007
2016-03-10,0.5008
2016-03-09,0.4945
2016-03-08,0.4994
2016-03-07,0.4997
2016-03-04,0.4948
2016-03-03,0.5032
2016-03-02,0.5004
2016-03-01,0.5013
2016-02-29,0.4989
2016-02-26,0.4995
2016-02-25,0.5011
2016-02-24,0.4984
2016-02-23,0.5007
2016-02-22,0.4984
2016-02-19,0.4987
2016-02-18,0.5002
2016-02-17,0.5034
2016-02-16,0.5065
2016-02-15,0.5028
2016-02-12,0.5028
2016-02-11,0.5014
2016-02-10,0.4989
2016-02-09,0.4997
2016-02-08,0.5002
2016-02-05,0.5014
2016-02-04,0.5018
2016-02-03,0.5018
2016-02-02,0.5103
2016-02-01,0.5108
2016-01-29,0.5084
2016-01-28,0.5231
2016-01-27,0.5109
2016-01-26,0.5175
2016-01-25,0.5116
2016-01-22,0.5168
2016-01-21,0.5168
2016-01-20,0.5252
2016-01-19,0.5064
2016-01-18,0.5087
2016-01-15,0.519
2016-01-14,0.5084
2016-01-13,0.5077
2016-01-12,0.5094
2016-01-11,0.5079
2016-01-08,0.5099
2016-01-07,0.515
2016-01-06,0.521
2016-01-05,0.5211
2016-01-04,0.5149
2016-01-01,0.5258
2015-12-31,0.5258
2015-12-30,0.5219
2015-12-29,0.5248
2015-12-28,0.5245
2015-12-25,0.5245
2015-12-24,0.5245
2015-12-23,0.5146
2015-12-22,0.5198
2015-12-21,0.5192
2015-12-18,0.5221
2015-12-17,0.5089
2015-12-16,0.5198
2015-12-15,0.5215
2015-12-14,0.5065
2015-12-11,0.4999
2015-12-10,0.5015
2015-12-09,0.4992
2015-12-08,0.5072
2015-12-07,0.5092
2015-12-04,0.5065
2015-12-03,0.5104
2015-12-02,0.5092
2015-12-01,0.5012
2015-11-30,0.5082
2015-11-27,0.4952
2015-11-26,0.5006
2015-11-25,0.4981
2015-11-24,0.4955
2015-11-23,0.4958
2015-11-20,0.497
2015-11-19,0.4966
2015-11-18,0.4978
2015-11-17,0.498
2015-11-16,0.5019
2015-11-13,0.4985
2015-11-12,0.4969
2015-11-11,0.4971
2015-11-10,0.4971
2015-11-09,0.4957
2015-11-06,0.4976
2015-11-05,0.5003
2015-11-04,0.4983
2015-11-03,0.5042
2015-11-02,0.5096
2015-10-30,0.5125
2015-10-29,0.5011
2015-10-28,0.5037
2015-10-27,0.5052
2015-10-26,0.4985
2015-10-23,0.4961
2015-10-22,0.4979
2015-10-21,0.4978
2015-10-20,0.4969
2015-10-19,0.4987
2015-10-16,0.4981
2015-10-15,0.4988
2015-10-14,0.4989
2015-10-13,0.4979
2015-10-12,0.4971
2015-10-09,0.4971
2015-10-08,0.4984
2015-10-07,0.4975
2015-10-06,0.4982
2015-10-05,0.5013
2015-10-02,0.505
2015-10-01,0.5025
2015-09-30,0.5048
2015-09-29,0.4998
2015-09-28,0.4983
2015-09-25,0.5001
2015-09-24,0.4983
2015-09-23,0.4981
2015-09-22,0.4986
2015-09-21,0.4932
2015-09-18,0.4995
2015-09-17,0.4974
2015-09-16,0.4968
2015-09-15,0.5016
2015-09-14,0.4974
2015-09-11,0.4941
2015-09-10,0.5019
2015-09-09,0.4966
2015-09-08,0.5013
2015-09-07,0.5061
2015-09-04,0.5061
2015-09-03,0.5098
2015-09-02,0.508
2015-09-01,0.5152
2015-08-31,0.5288
2015-08-28,0.5186
2015-08-27,0.5049
2015-08-26,0.5041
2015-08-25,0.5049
2015-08-24,0.5003
2015-08-21,0.5017
2015-08-20,0.5036
2015-08-19,0.5066
2015-08-18,0.5046
2015-08-17,0.5113
2015-08-14,0.5078
2015-08-13,0.5206
2015-08-12,0.4982
2015-08-11,0.497
2015-08-10,0.4972
2015-08-07,0.5027
2015-08-06,0.5103
2015-08-05,0.5049
2015-08-04,0.5181
2015-08-03,0.5179
2015-07-31,0.5179
2015-07-30,0.5112
2015-07-29,0.5113
2015-07-28,0.5024
2015-07-27,0.5065
2015-07-24,0.4965
2015-07-23,0.5038
2015-07-22,0.4999
2015-07-21,0.5113
2015-07-20,0.5124
2015-07-17,0.5046
2015-07-16,0.4964
2015-07-15,0.5007
2015-07-14,0.7485
2015-07-13,0.7458
2015-07-10,0.7446
2015-07-09,0.748
2015-07-08,0.7453
2015-07-07,0.7499
2015-07-06,0.7459
2015-07-03,0.7542
2015-07-02,0.7558
2015-07-01,0.7511
2015-06-30,0.7511
2015-06-29,0.75
2015-06-26,0.7485
2015-06-25,0.747
2015-06-24,0.7454
2015-06-23,0.747
2015-06-22,0.7475
2015-06-19,0.7469
2015-06-18,0.7443
2015-06-17,0.7464
2015-06-16,0.7463
2015-06-15,0.6831
2015-06-12,0.7451
2015-06-11,0.7451
2015-06-10,0.7431
2015-06-09,0.7451
2015-06-08,0.7455
2015-06-05,0.7474
2015-06-04,0.7604
2015-06-03,0.7491
2015-06-02,0.7525
2015-06-01,0.7461
2015-05-29,0.7246
2015-05-28,0.7415
2015-05-27,0.7247
2015-05-26,0.7359
2015-05-25,0.7281
2015-05-22,0.7244
2015-05-21,0.7269
2015-05-20,0.7081
2015-05-19,0.7245
2015-05-18,0.7165
2015-05-15,0.7165
2015-05-14,0.7368
2015-05-13,0.7337
2015-05-12,0.7386
2015-05-11,0.7438
2015-05-08,0.7474
2015-05-07,0.7507
2015-05-06,0.7437
2015-05-05,0.7463
2015-05-04,0.7474
2015-05-01,0.7487
2015-04-30,0.7445
2015-04-29,0.7456
2015-04-28,0.7474
2015-04-27,0.7479
2015-04-24,0.7483
2015-04-23,0.7453
2015-04-22,0.7418
2015-04-21,0.7457
2015-04-20,0.7473
2015-04-17,0.7484
2015-04-16,0.7478
2015-04-15,0.7493
2015-04-14,0.7477
2015-04-13,0.7482
2015-04-10,0.7495
2015-04-09,0.7519
2015-04-08,0.7499
2015-04-07,0.7573
2015-04-06,0.7573
2015-04-03,0.7705
2015-04-02,0.7705
2015-04-01,0.7689
2015-03-31,0.7563
2015-03-30,0.754
2015-03-27,0.7529
2015-03-26,0.7506
2015-03-25,0.7524
2015-03-24,0.7577
2015-03-23,0.7641
2015-03-20,0.7551
2015-03-19,0.7513
2015-03-18,0.755
2015-03-17,0.762
2015-03-16,0.7598
2015-03-13,0.7564
2015-03-12,0.7428
2015-03-11,0.7537
2015-03-10,0.7534
2015-03-09,0.7539
2015-03-06,0.7494
2015-03-05,0.7542
2015-03-04,0.7619
2015-03-03,0.7755
2015-03-02,0.7825
2015-02-27,0.7714
2015-02-26,0.7747
2015-02-25,0.7655
2015-02-24,0.751
2015-02-23,0.7569
2015-02-20,0.7609
2015-02-19,0.7605
2015-02-18,0.7667
2015-02-17,0.758
2015-02-16,0.7605
2015-02-13,0.7605
2015-02-12,0.7519
2015-02-11,0.7477
2015-02-10,0.7501
2015-02-09,0.7535
2015-02-06,0.7505
2015-02-05,0.7498
2015-02-04,0.7504
2015-02-03,0.7571
2015-02-02,0.773
2015-01-30,0.7501
2015-01-29,0.7505
2015-01-28,0.7505
2015-01-27,0.7482
2015-01-26,0.7509
2015-01-23,0.7499
2015-01-22,0.7519
2015-01-21,0.8262
2015-01-20,0.9984
2015-01-19,0.9996
2015-01-16,0.9999
2015-01-15,1.0037
2015-01-14,0.9997
2015-01-13,0.9943
2015-01-12,0.999
2015-01-09,1.0005
2015-01-08,0.9988
2015-01-07,0.9996
2015-01-06,0.9998
2015-01-05,0.9995
2015-01-02,1.0012
2015-01-01,1.0021
2014-12-31,1.0021
2014-12-30,1.0024
2014-12-29,1.0057
2014-12-26,1.0174
2014-12-25,1.0174
2014-12-24,1.0174
2014-12-23,1.0095
2014-12-22,1.0095
2014-12-19,1.0131
2014-12-18,1.0022
2014-12-17,1.0018
2014-12-16,0.9994
2014-12-15,1.0005
2014-12-12,0.9981
2014-12-11,0.9983
2014-12-10,0.998
2014-12-09,0.9989
2014-12-08,1.0012
2014-12-05,1.0113
2014-12-04,1.007
2014-12-03,1.0002
2014-12-02,1.0143
2014-12-01,1.0059
2014-11-28,0.9987
2014-11-27,1
2014-11-26,0.9953
2014-11-25,0.9988
2014-11-24,1.0013
2014-11-21,1.0007
2014-11-20,1.0023
2014-11-19,0.9998
2014-11-18,1.0035
2014-11-17,1.0072
2014-11-14,1.0003
2014-11-13,1.0037
2014-11-12,1.0002
2014-11-11,1.0051
2014-11-10,1.0051
2014-11-07,1.006
2014-11-06,1.0076
2014-11-05,1.0005
2014-11-04,1.0098
2014-11-03,1.0001
2014-10-31,1.001
2014-10-30,1.0001
2014-10-29,1.0013
2014-10-28,1.0005
2014-10-27,0.9995
2014-10-24,1.0044
2014-10-23,1.0026
2014-10-22,1.0026
2014-10-21,1.0032
2014-10-20,1.0016
2014-10-17,0.9982
2014-10-16,1.0004
2014-10-15,0.9982
2014-10-14,0.9993
2014-10-13,0.997
2014-10-10,0.997
2014-10-09,0.9997
2014-10-08,0.9986
2014-10-07,0.999
2014-10-06,0.9996
2014-10-03,0.9986
2014-10-02,1.0023
2014-10-01,1.0071
2014-09-30,1.0007
2014-09-29,1.0015
2014-09-26,1.02
2014-09-25,1.0017
2014-09-24,0.9981
2014-09-23,0.9977
2014-09-22,0.999
2014-09-19,0.9977
2014-09-18,0.9974
2014-09-17,0.9988
2014-09-16,0.9975
2014-09-15,0.998
2014-09-12,1.0002
2014-09-11,0.9989
2014-09-10,0.9987
2014-09-09,0.9978
2014-09-08,0.9988
2014-09-05,0.9986
2014-09-04,0.9986
2014-09-03,0.9992
2014-09-02,0.9871
2014-09-01,0.9983
2014-08-29,0.9983
2014-08-28,1.0001
2014-08-27,0.999
2014-08-26,0.9984
2014-08-25,0.9986
2014-08-22,0.9966
2014-08-21,0.9973
2014-08-20,0.9983
2014-08-19,0.9982
2014-08-18,0.9968
2014-08-15,0.998
2014-08-14,1.0009
2014-08-13,0.9971
2014-08-12,0.9982
2014-08-11,1.0008
2014-08-08,0.9996
2014-08-07,1.0006
2014-08-06,1.0013
2014-08-05,1.0053
2014-08-04,1.0202
2014-08-01,1.0202
2014-07-31,1.0016
2014-07-30,1.0004
2014-07-29,0.9997
2014-07-28,0.9968
2014-07-25,0.9991
2014-07-24,0.9986
2014-07-23,0.9995
2014-07-22,0.9995
2014-07-21,0.9996
2014-07-18,0.9993
2014-07-17,0.9992
2014-07-16,0.9992
2014-07-15,1
2014-07-14,0.999
2014-07-11,0.9992
2014-07-10,0.9985
2014-07-09,0.9989
2014-07-08,1.0018
2014-07-07,1.0027
2014-07-04,1.0029
2014-07-03,1.0002
2014-07-02,1.0071
2014-07-01,1.0046
2014-06-30,1.0046
2014-06-27,1.0001
2014-06-26,0.9994
2014-06-25,0.9995
2014-06-24,0.9999
2014-06-23,0.9996
2014-06-20,0.9978
2014-06-19,0.999
2014-06-18,1.0003
2014-06-17,0.9992
2014-06-16,1.0018
2014-06-13,0.9988
2014-06-12,1.0003
2014-06-11,0.9975
2014-06-10,0.9979
2014-06-09,0.9979
2014-06-06,0.9985
2014-06-05,0.9982
2014-06-04,0.9991
2014-06-03,1.0024
2014-06-02,1.0055
2014-05-30,0.996
2014-05-29,0.9977
2014-05-28,0.9993
2014-05-27,0.9977
2014-05-26,0.9942
2014-05-23,0.9976
2014-05-22,1.0005
2014-05-21,0.9987
2014-05-20,0.9879
2014-05-19,0.9981
2014-05-16,0.9981
2014-05-15,0.9997
2014-05-14,0.9972
2014-05-13,0.9922
2014-05-12,0.9933
2014-05-09,0.9959
2014-05-08,0.9991
2014-05-07,0.9983
2014-05-06,0.998
2014-05-05,0.998
2014-05-02,1
2014-05-01,1.0075
2014-04-30,0.9982
2014-04-29,0.998
2014-04-28,0.9985
2014-04-25,0.9966
2014-04-24,1
2014-04-23,0.9981
2014-04-22,0.9998
2014-04-21,1.0009
2014-04-18,1.0016
2014-04-17,1.0016
2014-04-16,0.9994
2014-04-15,0.9972
2014-04-14,0.9977
2014-04-11,0.9954
2014-04-10,0.9964
2014-04-09,0.9957
2014-04-08,0.9978
2014-04-07,0.9965
2014-04-04,0.9967
2014-04-03,0.9983
2014-04-02,0.9985
2014-04-01,1.0003
2014-03-31,0.9917
2014-03-28,0.9968
2014-03-27,0.9988
2014-03-26,1
2014-03-25,0.9976
2014-03-24,0.9975
2014-03-21,0.9977
2014-03-20,0.998
2014-03-19,0.9975
2014-03-18,0.9967
2014-03-17,0.9961
2014-03-14,0.9954
2014-03-13,0.9974
2014-03-12,0.9941
2014-03-11,0.996
2014-03-10,0.9961
2014-03-07,0.9947
2014-03-06,0.9957
2014-03-05,0.9931
2014-03-04,0.9972
2014-03-03,0.998
2014-02-28,0.9947
2014-02-27,0.9953
2014-02-26,0.9967
2014-02-25,0.9907
2014-02-24,0.9952
2014-02-21,0.9935
2014-02-20,0.9984
2014-02-19,0.9948
2014-02-18,0.9992
2014-02-17,0.9939
2014-02-14,0.9939
2014-02-13,0.9999
2014-02-12,1.0002
2014-02-11,0.9986
2014-02-10,0.9998
2014-02-07,0.9995
2014-02-06,1.0001
2014-02-05,1.001
2014-02-04,1.0076
2014-02-03,1.0059
2014-01-31,0.9983
2014-01-30,0.9987
2014-01-29,0.9993
2014-01-28,1
2014-01-27,0.9988
2014-01-24,0.9992
2014-01-23,0.9994
2014-01-22,0.9991
2014-01-21,0.9992
2014-01-20,0.9995
2014-01-17,0.9994
2014-01-16,1.0001
2014-01-15,1
2014-01-14,1.0004
2014-01-13,0.9997
2014-01-10,1.0003
2014-01-09,1.0001
2014-01-08,1.0002
2014-01-07,1.0004
2014-01-06,1.0012
2014-01-03,1.0016
2014-01-02,0.9995
2014-01-01,0.9986
2013-12-31,0.9986
2013-12-30,1.0015
2013-12-27,1.0016
2013-12-26,1.0011
2013-12-25,1.0011
2013-12-24,1.0011
2013-12-23,1.0016
2013-12-20,1
2013-12-19,1.0048
2013-12-18,1.0019
2013-12-17,1.0032
2013-12-16,1.0021
2013-12-13,1.0019
2013-12-12,1.0014
2013-12-11,0.9995
2013-12-10,0.9985
2013-12-09,1.0018
2013-12-06,1.0005
2013-12-05,1.0014
2013-12-04,1.001
2013-12-03,1.0011
2013-12-02,1.0028
2013-11-29,0.9999
2013-11-28,0.9985
2013-11-27,1
2013-11-26,0.9997
2013-11-25,0.9991
2013-11-22,0.9991
2013-11-21,1.002
2013-11-20,1.001
2013-11-19,1.0008
2013-11-18,1.0026
2013-11-15,1.0039
2013-11-14,1.0046
2013-11-13,1.0034
2013-11-12,1.0049
2013-11-11,1.0025
2013-11-08,1.0025
2013-11-07,1.0025
2013-11-06,0.9998
2013-11-05,0.9992
2013-11-04,1.0038
2013-11-01,1.0125
2013-10-31,1.0001
2013-10-30,0.9991
2013-10-29,0.9984
2013-10-28,0.9993
2013-10-25,0.9995
2013-10-24,1.0008
2013-10-23,0.9989
2013-10-22,0.999
2013-10-21,0.9987
2013-10-18,0.9999
2013-10-17,0.9996
2013-10-16,0.9994
2013-10-15,0.9991
2013-10-14,0.9993
2013-10-11,0.9993
2013-10-10,1.0002
2013-10-09,0.9981
2013-10-08,0.9916
2013-10-07,0.9995
2013-10-04,1.0003
2013-10-03,0.9992
2013-10-02,0.9992
2013-10-01,1.0016
2013-09-30,1
2013-09-27,1.0026
2013-09-26,1.0028
2013-09-25,0.9995
2013-09-24,0.999
2013-09-23,0.9853
2013-09-20,0.9948
2013-09-19,0.9957
2013-09-18,0.9868
2013-09-17,0.9916
2013-09-16,1.0012
2013-09-13,1.0004
2013-09-12,1.0012
2013-09-11,0.9996
2013-09-10,0.9993
2013-09-09,0.9982
2013-09-06,0.9959
2013-09-05,0.9995
2013-09-04,1.0031
2013-09-03,0.9999
2013-09-02,0.997
2013-08-30,0.997
2013-08-29,1.0002
2013-08-28,0.9974
2013-08-27,0.9994
2013-08-26,0.9993
2013-08-23,0.9977
2013-08-22,0.9954
2013-08-21,0.9991
2013-08-20,0.9971
2013-08-19,0.9975
2013-08-16,0.9945
2013-08-15,0.9952
2013-08-14,0.9953
2013-08-13,0.9878
2013-08-12,0.9978
2013-08-09,0.9991
2013-08-08,1.0013
2013-08-07,1.0028
2013-08-06,1.0042
2013-08-05,1.0008
2013-08-02,1.0008
2013-08-01,1.012
2013-07-31,1.0004
2013-07-30,1.0003
2013-07-29,1.0002
2013-07-26,0.999
2013-07-25,1.0005
2013-07-24,0.9976
2013-07-23,1.0019
2013-07-22,1.0032
2013-07-19,1.007
2013-07-18,1.0081
2013-07-17,1.0071
2013-07-16,1.0081
2013-07-15,1.0071
2013-07-12,1.0053
2013-07-11,1.0085
2013-07-10,1.0051
2013-07-09,1.0064
2013-07-08,1.012
2013-07-05,1.016
2013-07-04,1.0129
2013-07-03,1.018
2013-07-02,1.0176
2013-07-01,1.0176
2013-06-28,1.0176
2013-06-27,1.0176
2013-06-26,1.0099
2013-06-25,1.004
2013-06-24,1.0052
2013-06-21,1.0072
2013-06-20,1.0059
2013-06-19,1.0077
2013-06-18,1.0149
2013-06-17,1.0098
2013-06-14,1.0083
2013-06-13,1.0087
2013-06-12,1.0092
2013-06-11,1.0071
2013-06-10,1.0106
2013-06-07,1.0129
2013-06-06,1.0133
2013-06-05,1.0112
2013-06-04,1.0128
2013-06-03,1.0078
2013-05-31,1.0053
2013-05-30,1.0041
2013-05-29,1.0057
2013-05-28,1.0038
2013-05-27,1.0047
2013-05-24,1.0086
2013-05-23,1.0044
2013-05-22,1.0035
2013-05-21,1.0032
2013-05-20,1.0051
2013-05-17,1.0051
2013-05-16,1.0023
2013-05-15,1.0042
2013-05-14,1.003
2013-05-13,1.0045
2013-05-10,1.0015
2013-05-09,1.0034
2013-05-08,1.0045
2013-05-07,1.0063
2013-05-06,1.0051
2013-05-03,1.0021
2013-05-02,1.0053
2013-05-01,1.0049
2013-04-30,1.0081
2013-04-29,1.001
2013-04-26,1.0002
2013-04-25,1.0024
2013-04-24,1.0052
2013-04-23,1.0032
2013-04-22,1.0021
2013-04-19,1.0037
2013-04-18,1.0038
2013-04-17,1.0028
2013-04-16,1.0052
2013-04-15,1.001
2013-04-12,1.0042
2013-04-11,1.0074
2013-04-10,1.0061
2013-04-09,1.0073
2013-04-08,1.0056
2013-04-05,1.0054
2013-04-04,1.0052
2013-04-03,1.0055
2013-04-02,1.0055
2013-04-01,1.0068
2013-03-29,1.0017
2013-03-28,1.0017
2013-03-27,1.0051
2013-03-26,1.0039
2013-03-25,1.0095
2013-03-22,1.0073
2013-03-21,1.0052
2013-03-20,1.0076
2013-03-19,1.0059
2013-03-18,1.0041
2013-03-15,1.0039
2013-03-14,1.0041
2013-03-13,1.005
2013-03-12,1.0056
2013-03-11,1.0062
2013-03-08,1.0081
2013-03-07,1.0063
2013-03-06,1.0053
2013-03-05,1.0041
2013-03-04,1.0083
2013-03-01,1.0058
2013-02-28,1.0077
2013-02-27,1.0078
2013-02-26,1.0048
2013-02-25,1.0027
2013-02-22,1.0093
2013-02-21,1.0069
2013-02-20,1.0045
2013-02-19,1.0067
2013-02-18,1.0031
2013-02-15,1.0031
2013-02-14,1.003
2013-02-13,1.007
2013-02-12,1.0017
2013-02-11,1.0053
2013-02-08,1.0002
2013-02-07,1.002
2013-02-06,1.0031
2013-02-05,1.0058
2013-02-04,1.0043
2013-02-01,1.0011
2013-01-31,1.0039
2013-01-30,1.0049
2013-01-29,1.0057
2013-01-28,1.0043
2013-01-25,1.0044
2013-01-24,1.0054
2013-01-23,1.0059
2013-01-22,1.0007
2013-01-21,1.005
2013-01-18,1.0039
2013-01-17,1.0054
2013-01-16,1.0011
2013-01-15,0.9998
2013-01-14,1.0006
2013-01-11,0.9982
2013-01-10,0.9994
2013-01-09,0.9991
2013-01-08,0.9991
2013-01-07,0.9991
2013-01-04,0.9993
2013-01-03,0.9988
2013-01-02,0.9977
2013-01-01,0.9916
2012-12-31,0.9916
2012-12-28,0.9955
2012-12-27,0.9956
2012-12-26,0.9948
2012-12-25,0.9948
2012-12-24,0.9948
2012-12-21,1.0002
2012-12-20,1.0023
2012-12-19,1.0011
2012-12-18,1.0005
2012-12-17,1.0025
2012-12-14,0.9996
2012-12-13,1
2012-12-12,0.9996
2012-12-11,1.0021
2012-12-10,1.0034
2012-12-07,1.0034
2012-12-06,1.0013
2012-12-05,1.0009
2012-12-04,1.0076
2012-12-03,1.0049
2012-11-30,0.9997
2012-11-29,0.999
2012-11-28,1.0012
2012-11-27,0.9978
2012-11-26,0.9981
2012-11-23,0.9977
2012-11-22,0.9991
2012-11-21,1
2012-11-20,1.002
2012-11-19,1.0008
2012-11-16,0.9998
2012-11-15,1.0017
2012-11-14,0.9996
2012-11-13,1.0002
2012-11-12,0.9996
2012-11-09,0.9996
2012-11-08,1.0006
2012-11-07,0.9992
2012-11-06,0.9999
2012-11-05,0.9993
2012-11-02,1.001
2012-11-01,1.005
2012-10-31,1.0024
2012-10-30,0.9956
2012-10-29,1.0113
2012-10-26,1.002
2012-10-25,1.0013
2012-10-24,1.0052
2012-10-23,0.9994
2012-10-22,0.9991
2012-10-19,0.9998
2012-10-18,1.001
2012-10-17,1.0015
2012-10-16,1.003
2012-10-15,1.0051
2012-10-12,0.9992
2012-10-11,1.0001
2012-10-10,1.0008
2012-10-09,1.0003
2012-10-08,0.9989
2012-10-05,0.9989
2012-10-04,0.9976
2012-10-03,1.0018
2012-10-02,1.0011
2012-10-01,0.9989
2012-09-28,0.9962
2012-09-27,0.9981
2012-09-26,1.0013
2012-09-25,0.9987
2012-09-24,0.9987
2012-09-21,0.9985
2012-09-20,0.9993
2012-09-19,0.9971
2012-09-18,0.9918
2012-09-17,0.9956
2012-09-14,0.9993
2012-09-13,1.0004
2012-09-12,1.0008
2012-09-11,1
2012-09-10,1.0032
2012-09-07,1.0073
2012-09-06,1.0045
2012-09-05,1.0113
2012-09-04,1.0109
2012-09-03,1.0078
2012-08-31,1.0078
2012-08-30,1.0029
2012-08-29,1.0007
2012-08-28,0.9987
2012-08-27,0.9998
2012-08-24,0.9979
2012-08-23,1
2012-08-22,1.0004
2012-08-21,1.0004
2012-08-20,1.0002
2012-08-17,1.0015
2012-08-16,1.0078
2012-08-15,1.0069
2012-08-14,1.0021
2012-08-13,1.0026
2012-08-10,1.0035
2012-08-09,1.0052
2012-08-08,1.0066
2012-08-07,1.0007
2012-08-06,1.0002
2012-08-03,1.0002
2012-08-02,1.0014
2012-08-01,0.9989
2012-07-31,0.9966
2012-07-30,0.9978
2012-07-27,0.9966
2012-07-26,0.9979
2012-07-25,0.9974
2012-07-24,0.9969
2012-07-23,0.9968
2012-07-20,0.9973
2012-07-19,0.9988
2012-07-18,0.9996
2012-07-17,1.0008
2012-07-16,1.0009
2012-07-13,0.9994
2012-07-12,0.9989
2012-07-11,0.9982
2012-07-10,0.9977
2012-07-09,1.0005
2012-07-06,1.0014
2012-07-05,1.0052
2012-07-04,1.0013
2012-07-03,1.0004
2012-07-02,0.9982
2012-06-29,0.9982
2012-06-28,0.9976
2012-06-27,0.999
2012-06-26,0.9975
2012-06-25,0.9976
2012-06-22,0.9979
2012-06-21,1.0008
2012-06-20,1.0005
2012-06-19,1.0001
2012-06-18,1.0012
2012-06-15,1.0023
2012-06-14,1.0005
2012-06-13,1.0013
2012-06-12,1.0003
2012-06-11,1.0015
2012-06-08,1.0012
2012-06-07,1.0034
2012-06-06,1.0038
2012-06-05,1.0067
2012-06-04,1.0047
2012-06-01,1.0008
2012-05-31,1.0001
2012-05-30,1
2012-05-29,0.9991
2012-05-28,1.0013
2012-05-25,0.9996
2012-05-24,1.0005
2012-05-23,1.0005
2012-05-22,1.0025
2012-05-21,1.0002
2012-05-18,1.0002
2012-05-17,0.9997
2012-05-16,0.9996
2012-05-15,0.9988
2012-05-14,1.0002
2012-05-11,0.9994
2012-05-10,1.0018
2012-05-09,1.0015
2012-05-08,1.0013
2012-05-07,1.0016
2012-05-04,1.0001
2012-05-03,1.0024
2012-05-02,1.005
2012-05-01,1.0028
2012-04-30,1.0086
2012-04-27,1.0074
2012-04-26,1.0035
2012-04-25,1.0023
2012-04-24,1.0017
2012-04-23,1.0043
2012-04-20,1.0133
2012-04-19,1.007
2012-04-18,1.0133
2012-04-17,1.0068
2012-04-16,1.015
2012-04-13,1.0042
2012-04-12,1.0029
2012-04-11,1.0029
2012-04-10,1.0034
2012-04-09,1.0019
2012-04-06,0.9996
2012-04-05,0.9996
2012-04-04,1.0065
2012-04-03,1.0096
2012-04-02,1.006
2012-03-30,1.0079
2012-03-29,1.0002
2012-03-28,0.999
2012-03-27,0.9982
2012-03-26,0.9979
2012-03-23,0.9969
2012-03-22,1
2012-03-21,0.9989
2012-03-20,0.9979
2012-03-19,0.9965
2012-03-16,0.9965
2012-03-15,1.0018
2012-03-14,1.0022
2012-03-13,0.9994
2012-03-12,0.9998
2012-03-09,0.999
2012-03-08,1.002
2012-03-07,0.999
2012-03-06,0.9985
2012-03-05,1.0014
2012-03-02,1.0004
2012-03-01,0.9998
2012-02-29,0.9991
2012-02-28,0.9997
2012-02-27,0.9982
2012-02-24,0.996
2012-02-23,0.9998
2012-02-22,0.9974
2012-02-21,0.9993
2012-02-20,1.0078
2012-02-17,1.0078
2012-02-16,1.0025
2012-02-15,1.0011
2012-02-14,0.999
2012-02-13,0.9994
2012-02-10,0.9993
2012-02-09,0.9974
2012-02-08,0.9978
2012-02-07,0.9969
2012-02-06,0.9981
2012-02-03,0.9942
2012-02-02,0.9946
2012-02-01,0.9949
2012-01-31,0.9917
2012-01-30,0.9974
2012-01-27,0.9948
2012-01-26,0.9912
2012-01-25,0.9998
2012-01-24,0.9984
2012-01-23,0.9982
2012-01-20,0.9986
2012-01-19,0.999
2012-01-18,1.0003
2012-01-17,1
2012-01-16,1
2012-01-13,0.9994
2012-01-12,1.0013
2012-01-11,1.0023
2012-01-10,1.0001
2012-01-09,0.9984
2012-01-06,0.9993
2012-01-05,1.0006
2012-01-04,0.9992
2012-01-03,0.9977
2012-01-02,0.9956
2011-12-30,0.9956
2011-12-29,0.9984
2011-12-28,1.0007
2011-12-27,0.999
2011-12-26,0.999
2011-12-23,0.999
2011-12-22,1.003
2011-12-21,1.0026
2011-12-20,1.0018
2011-12-19,0.9983
2011-12-16,0.9976
2011-12-15,0.9989
2011-12-14,1.0007
2011-12-13,0.9983
2011-12-12,0.9976
2011-12-09,0.9975
2011-12-08,0.9978
2011-12-07,0.9987
2011-12-06,0.996
2011-12-05,1.0009
2011-12-02,0.9998
2011-12-01,1.0002
2011-11-30,0.999
2011-11-29,0.9992
2011-11-28,0.9984
2011-11-25,0.9975
2011-11-24,0.9991
2011-11-23,1.0004
2011-11-22,1
2011-11-21,0.9997
2011-11-18,0.9998
2011-11-17,1.0011
2011-11-16,0.9994
2011-11-15,1.0015
2011-11-14,0.9991
2011-11-11,0.9976
2011-11-10,0.9976
2011-11-09,1.0001
2011-11-08,0.9975
2011-11-07,1.0003
2011-11-04,0.9991
2011-11-03,1.0016
2011-11-02,1.0035
2011-11-01,1.0027
2011-10-31,0.9979
2011-10-28,1.01
2011-10-27,1.0011
2011-10-26,1.0007
2011-10-25,0.9991
2011-10-24,0.9991
2011-10-21,0.9989
2011-10-20,0.9993
2011-10-19,0.9994
2011-10-18,0.9995
2011-10-17,1.0004
2011-10-14,1.0051
2011-10-13,0.9987
2011-10-12,0.999
2011-10-11,1.0003
2011-10-10,0.9991
2011-10-07,0.9991
2011-10-06,0.9987
2011-10-05,1.0013
2011-10-04,0.9998
2011-10-03,1.0016
2011-09-30,0.9966
2011-09-29,0.9972
2011-09-28,1.0007
2011-09-27,0.999
2011-09-26,0.9977
2011-09-23,0.9986
2011-09-22,0.9993
2011-09-21,0.9978
2011-09-20,0.9977
2011-09-19,0.9975
2011-09-16,0.9987
2011-09-15,0.9919
2011-09-14,0.9973
2011-09-13,0.9997
2011-09-12,1
2011-09-09,0.9971
2011-09-08,0.9995
2011-09-07,0.9984
2011-09-06,1.002
2011-09-05,0.999
2011-09-02,0.999
2011-09-01,0.9987
2011-08-31,0.9983
2011-08-30,0.9982
2011-08-29,0.9991
2011-08-26,0.9964
2011-08-25,0.9992
2011-08-24,0.9985
2011-08-23,0.9984
2011-08-22,0.9988
2011-08-19,1.0018
2011-08-18,0.9985
2011-08-17,1.0028
2011-08-16,0.9986
2011-08-15,1.0022
2011-08-12,0.9993
2011-08-11,1.0026
2011-08-10,1.0087
2011-08-09,1.0015
2011-08-08,1.0003
2011-08-05,0.9992
2011-08-04,0.9994
2011-08-03,0.9998
2011-08-02,1.0043
2011-08-01,0.9973
2011-07-29,0.9973
2011-07-28,0.9939
2011-07-27,0.9994
2011-07-26,0.9984
2011-07-25,0.9974
2011-07-22,0.9984
2011-07-21,0.9995
2011-07-20,0.9993
2011-07-19,0.9991
2011-07-18,0.9979
2011-07-15,0.9994
2011-07-14,1.0018
2011-07-13,0.9991
2011-07-12,0.9987
2011-07-11,1.0015
2011-07-08,0.9991
2011-07-07,0.9978
2011-07-06,0.9992
2011-07-05,0.9986
2011-07-04,0.9933
2011-07-01,0.9961
2011-06-30,0.9961
2011-06-29,0.9961
2011-06-28,0.9974
2011-06-27,0.9971
2011-06-24,0.9989
2011-06-23,0.9997
2011-06-22,0.9984
2011-06-21,0.9965
2011-06-20,0.9962
2011-06-17,0.9986
2011-06-16,0.9985
2011-06-15,0.9989
2011-06-14,0.9986
2011-06-13,0.9979
2011-06-10,0.9957
2011-06-09,0.9966
2011-06-08,0.9968
2011-06-07,0.9964
2011-06-06,0.9967
2011-06-03,0.9982
2011-06-02,0.999
2011-06-01,0.9985
2011-05-31,0.9981
2011-05-30,0.9957
2011-05-27,0.9979
2011-05-26,0.9955
2011-05-25,0.997
2011-05-24,0.9991
2011-05-23,0.9957
2011-05-20,0.9957
2011-05-19,0.9983
2011-05-18,0.9986
2011-05-17,0.9969
2011-05-16,0.9907
2011-05-13,0.9965
2011-05-12,0.9895
2011-05-11,0.9944
2011-05-10,0.9973
2011-05-09,0.9965
2011-05-06,0.9968
2011-05-05,1.0013
2011-05-04,0.9984
2011-05-03,0.9947
2011-05-02,0.9983
2011-04-29,0.9962
2011-04-28,0.9972
2011-04-27,0.9964
2011-04-26,0.9982
2011-04-25,0.997
2011-04-22,0.9968
2011-04-21,0.9968
2011-04-20,0.9953
2011-04-19,0.9966
2011-04-18,0.9978
2011-04-15,0.9968
2011-04-14,0.9967
2011-04-13,0.9979
2011-04-12,0.9977
2011-04-11,0.9951
2011-04-08,0.9941
2011-04-07,0.9957
2011-04-06,0.9962
2011-04-05,0.9959
2011-04-04,0.9975
2011-04-01,0.9941
2011-03-31,0.996
2011-03-30,0.9956
2011-03-29,0.9932
2011-03-28,0.9971
2011-03-25,0.994
2011-03-24,0.993
2011-03-23,0.9818
2011-03-22,0.9973
2011-03-21,1.0003
2011-03-18,0.9922
2011-03-17,0.9918
2011-03-16,0.9935
2011-03-15,0.9939
2011-03-14,0.9949
2011-03-11,0.991
2011-03-10,0.9943
2011-03-09,0.9947
2011-03-08,0.994
2011-03-07,0.9943
2011-03-04,0.995
2011-03-03,0.9963
2011-03-02,0.9958
2011-03-01,0.9953
2011-02-28,0.9955
2011-02-25,0.9953
2011-02-24,0.9951
2011-02-23,0.9911
2011-02-22,0.994
2011-02-21,0.9936
2011-02-18,0.9936
2011-02-17,0.9945
2011-02-16,0.9874
2011-02-15,0.9934
2011-02-14,0.9949
2011-02-11,0.9935
2011-02-10,0.9948
2011-02-09,0.9953
2011-02-08,0.9933
2011-02-07,0.992
2011-02-04,0.9948
2011-02-03,0.9946
2011-02-02,0.9924
2011-02-01,0.993
2011-01-31,0.9905
2011-01-28,0.9929
2011-01-27,0.9894
2011-01-26,0.9902
2011-01-25,0.994
2011-01-24,0.9923
2011-01-21,0.9939
2011-01-20,0.9976
2011-01-19,0.9916
2011-01-18,0.9906
2011-01-17,0.9927
2011-01-14,0.9945
2011-01-13,0.9932
2011-01-12,0.9893
2011-01-11,0.9908
2011-01-10,0.9932
2011-01-07,0.9925
2011-01-06,0.9914
2011-01-05,0.9937
2011-01-04,0.9935
2011-01-03,0.9915
2010-12-31,0.9915
2010-12-30,0.9955
2010-12-29,0.9949
2010-12-28,0.9912
2010-12-27,0.9912
2010-12-24,0.9912
2010-12-23,0.9961
2010-12-22,0.9957
2010-12-21,0.9971
2010-12-20,0.996
2010-12-17,0.9944
2010-12-16,0.9929
2010-12-15,0.9993
2010-12-14,0.9952
2010-12-13,0.998
2010-12-10,0.997
2010-12-09,0.9969
2010-12-08,0.998
2010-12-07,0.999
2010-12-06,0.9988
2010-12-03,1.0043
2010-12-02,1.0084
2010-12-01,1.0004
2010-11-30,0.998
2010-11-29,0.9982
2010-11-26,0.9987
2010-11-25,0.9987
2010-11-24,1
2010-11-23,0.9988
2010-11-22,1
2010-11-19,0.9997
2010-11-18,1
2010-11-17,0.999
2010-11-16,1.0001
2010-11-15,1.0029
2010-11-12,0.999
2010-11-11,0.9989
2010-11-10,0.9989
2010-11-09,0.9951
2010-11-08,0.9945
2010-11-05,0.9929
2010-11-04,0.9983
2010-11-03,0.996
2010-11-02,1.0041
2010-11-01,0.999
2010-10-29,0.9972
2010-10-28,0.9986
2010-10-27,0.9991
2010-10-26,0.9979
2010-10-25,0.9941
2010-10-22,0.9966
2010-10-21,0.9976
2010-10-20,0.999
2010-10-19,0.9994
2010-10-18,0.9989
2010-10-15,0.9993
2010-10-14,0.9999
2010-10-13,0.9971
2010-10-12,0.9987
2010-10-11,0.9983
2010-10-08,0.9983
2010-10-07,0.9995
2010-10-06,0.9995
2010-10-05,0.9988
2010-10-04,1.0022
2010-10-01,0.9984
2010-09-30,0.9951
2010-09-29,0.9965
2010-09-28,0.993
2010-09-27,0.9987
2010-09-24,0.9983
2010-09-23,0.9998
2010-09-22,0.9992
2010-09-21,0.9994
2010-09-20,0.9993
2010-09-17,0.9968
2010-09-16,1.0007
2010-09-15,0.9997
2010-09-14,0.999
2010-09-13,0.997
2010-09-10,0.9955
2010-09-09,0.995
2010-09-08,0.9997
2010-09-07,0.7519
2010-09-06,0.7512
2010-09-03,0.7512
2010-09-02,0.7561
2010-09-01,0.7527
2010-08-31,0.7484
2010-08-30,0.7481
2010-08-27,0.7478
2010-08-26,0.746
2010-08-25,0.7479
2010-08-24,0.749
2010-08-23,0.7478
2010-08-20,0.748
2010-08-19,0.7482
2010-08-18,0.7501
2010-08-17,0.7477
2010-08-16,0.7541
2010-08-13,0.751
2010-08-12,0.7543
2010-08-11,0.7486
2010-08-10,0.7481
2010-08-09,0.7501
2010-08-06,0.7502
2010-08-05,0.7464
2010-08-04,0.7454
2010-08-03,0.7462
2010-08-02,0.7472
2010-07-30,0.7472
2010-07-29,0.7486
2010-07-28,0.7483
2010-07-27,0.7233
2010-07-26,0.7208
2010-07-23,0.7469
2010-07-22,0.7471
2010-07-21,0.7443
2010-07-20,0.7478
2010-07-19,0.4942
2010-07-16,0.499
2010-07-15,0.4938
2010-07-14,0.4942
2010-07-13,0.4943
2010-07-12,0.4941
2010-07-09,0.4949
2010-07-08,0.4956
2010-07-07,0.4905
2010-07-06,0.4946
2010-07-05,0.4939
2010-07-02,0.4947
2010-07-01,0.4927
2010-06-30,0.4927
2010-06-29,0.4919
2010-06-28,0.4939
2010-06-25,0.4929
2010-06-24,0.4927
2010-06-23,0.4914
2010-06-22,0.4907
2010-06-21,0.4913
2010-06-18,0.4885
2010-06-17,0.4907
2010-06-16,0.4905
2010-06-15,0.4923
2010-06-14,0.4929
2010-06-11,0.4922
2010-06-10,0.4975
2010-06-09,0.4947
2010-06-08,0.4908
2010-06-07,0.484
2010-06-04,0.4961
2010-06-03,0.4917
2010-06-02,0.4909
2010-06-01,0.4913
2010-05-31,0.245
2010-05-28,0.2484
2010-05-27,0.2453
2010-05-26,0.2448
2010-05-25,0.2426
2010-05-24,0.2432
2010-05-21,0.2432
2010-05-20,0.2454
2010-05-19,0.243
2010-05-18,0.2428
2010-05-17,0.2436
2010-05-14,0.2447
2010-05-13,0.2456
2010-05-12,0.2456
2010-05-11,0.2459
2010-05-10,0.2473
2010-05-07,0.2459
2010-05-06,0.2493
2010-05-05,0.2496
2010-05-04,0.2449
2010-05-03,0.2511
2010-04-30,0.2465
2010-04-29,0.2458
2010-04-28,0.2452
2010-04-27,0.2501
2010-04-26,0.2491
2010-04-23,0.2475
2010-04-22,0.2489
2010-04-21,0.2453
2010-04-20,0.2491
2010-04-19,0.2457
2010-04-16,0.2494
2010-04-15,0.2514
2010-04-14,0.2465
2010-04-13,0.2448
2010-04-12,0.2449
2010-04-09,0.2455
2010-04-08,0.2484
2010-04-07,0.2481
2010-04-06,0.246
2010-04-05,0.2467
2010-04-02,0.248
2010-04-01,0.248
2010-03-31,0.2483
2010-03-30,0.2479
2010-03-29,0.2461
2010-03-26,0.2407
2010-03-25,0.2454
2010-03-24,0.2437
2010-03-23,0.2431
2010-03-22,0.2441
2010-03-19,0.2478
2010-03-18,0.245
2010-03-17,0.2413
2010-03-16,0.2445
2010-03-15,0.2441
2010-03-12,0.2442
2010-03-11,0.2446
2010-03-10,0.2422
2010-03-09,0.2453
2010-03-08,0.2459
2010-03-05,0.2432
2010-03-04,0.2423
2010-03-03,0.2404
2010-03-02,0.2456
2010-03-01,0.2487
2010-02-26,0.2482
2010-02-25,0.2471
2010-02-24,0.2461
2010-02-23,0.2469
2010-02-22,0.2485
2010-02-19,0.2481
2010-02-18,0.2474
2010-02-17,0.2465
2010-02-16,0.2446
2010-02-15,0.2471
2010-02-12,0.2471
2010-02-11,0.2441
2010-02-10,0.2469
2010-02-09,0.2444
2010-02-08,0.2389
2010-02-05,0.2411
2010-02-04,0.238
2010-02-03,0.2366
2010-02-02,0.2361
2010-02-01,0.245
2010-01-29,0.2451
2010-01-28,0.2445
2010-01-27,0.2447
2010-01-26,0.2443
2010-01-25,0.2447
2010-01-22,0.2435
2010-01-21,0.2455
2010-01-20,0.2461
2010-01-19,0.245
2010-01-18,0.2446
2010-01-15,0.2447
2010-01-14,0.2454
2010-01-13,0.2441
2010-01-12,0.2391
2010-01-11,0.2434
2010-01-08,0.2425
2010-01-07,0.2458
2010-01-06,0.2454
2010-01-05,0.245
2010-01-04,0.2443
2010-01-01,0.2443
