DATE,CPIAUCSL,INDPRO,DGS3MO
1919-01-01,.,5.0124,.
1919-02-01,.,4.7908,.
1919-03-01,.,4.6524,.
1919-04-01,.,4.7355,.
1919-05-01,.,4.7632,.
1919-06-01,.,5.0678,.
1919-07-01,.,5.3724,.
1919-08-01,.,5.4555,.
1919-09-01,.,5.3447,.
1919-10-01,.,5.2893,.
1919-11-01,.,5.2062,.
1919-12-01,.,5.2893,.
1920-01-01,.,5.7878,.
1920-02-01,.,5.7878,.
1920-03-01,.,5.6770,.
1920-04-01,.,5.3724,.
1920-05-01,.,5.5109,.
1920-06-01,.,5.5663,.
1920-07-01,.,5.4278,.
1920-08-01,.,5.4555,.
1920-09-01,.,5.2616,.
1920-10-01,.,5.0401,.
1920-11-01,.,4.6247,.
1920-12-01,.,4.3478,.
1921-01-01,.,4.0985,.
1921-02-01,.,4.0155,.
1921-03-01,.,3.9047,.
1921-04-01,.,3.9047,.
1921-05-01,.,4.0155,.
1921-06-01,.,3.9878,.
1921-07-01,.,3.9601,.
1921-08-01,.,4.0985,.
1921-09-01,.,4.1262,.
1921-10-01,.,4.3755,.
1921-11-01,.,4.3201,.
1921-12-01,.,4.2924,.
1922-01-01,.,4.4585,.
1922-02-01,.,4.6524,.
1922-03-01,.,4.9016,.
1922-04-01,.,4.7355,.
1922-05-01,.,4.9847,.
1922-06-01,.,5.2339,.
1922-07-01,.,5.2339,.
1922-08-01,.,5.1232,.
1922-09-01,.,5.4001,.
1922-10-01,.,5.7047,.
1922-11-01,.,5.9539,.
1922-12-01,.,6.1201,.
1923-01-01,.,5.9816,.
1923-02-01,.,6.0647,.
1923-03-01,.,6.2586,.
1923-04-01,.,6.3970,.
1923-05-01,.,6.4801,.
1923-06-01,.,6.4247,.
1923-07-01,.,6.3693,.
1923-08-01,.,6.2586,.
1923-09-01,.,6.1201,.
1923-10-01,.,6.0924,.
1923-11-01,.,6.0924,.
1923-12-01,.,5.9539,.
1924-01-01,.,6.0924,.
1924-02-01,.,6.2032,.
1924-03-01,.,6.0924,.
1924-04-01,.,5.8986,.
1924-05-01,.,5.6493,.
1924-06-01,.,5.4001,.
1924-07-01,.,5.3170,.
1924-08-01,.,5.5109,.
1924-09-01,.,5.7047,.
1924-10-01,.,5.8432,.
1924-11-01,.,5.9540,.
1924-12-01,.,6.1201,.
1925-01-01,.,6.3140,.
1925-02-01,.,6.3140,.
1925-03-01,.,6.3140,.
1925-04-01,.,6.3693,.
1925-05-01,.,6.3416,.
1925-06-01,.,6.2863,.
1925-07-01,.,6.4524,.
1925-08-01,.,6.3416,.
1925-09-01,.,6.2586,.
1925-10-01,.,6.5078,.
1925-11-01,.,6.6463,.
1925-12-01,.,6.7293,.
1926-01-01,.,6.6186,.
1926-02-01,.,6.6186,.
1926-03-01,.,6.7017,.
1926-04-01,.,6.7017,.
1926-05-01,.,6.6463,.
1926-06-01,.,6.7293,.
1926-07-01,.,6.7570,.
1926-08-01,.,6.8401,.
1926-09-01,.,6.9509,.
1926-10-01,.,6.9509,.
1926-11-01,.,6.9232,.
1926-12-01,.,6.8955,.
1927-01-01,.,6.8678,.
1927-02-01,.,6.9232,.
1927-03-01,.,7.0063,.
1927-04-01,.,6.8401,.
1927-05-01,.,6.8955,.
1927-06-01,.,6.8678,.
1927-07-01,.,6.7847,.
1927-08-01,.,6.7847,.
1927-09-01,.,6.6740,.
1927-10-01,.,6.5355,.
1927-11-01,.,6.5355,.
1927-12-01,.,6.5632,.
1928-01-01,.,6.7017,.
1928-02-01,.,6.7570,.
1928-03-01,.,6.8124,.
1928-04-01,.,6.7847,.
1928-05-01,.,6.8678,.
1928-06-01,.,6.9232,.
1928-07-01,.,7.0063,.
1928-08-01,.,7.1447,.
1928-09-01,.,7.2001,.
1928-10-01,.,7.3386,.
1928-11-01,.,7.4770,.
1928-12-01,.,7.6155,.
1929-01-01,.,7.7263,.
1929-02-01,.,7.6986,.
1929-03-01,.,7.7263,.
1929-04-01,.,7.8648,.
1929-05-01,.,8.0032,.
1929-06-01,.,8.0586,.
1929-07-01,.,8.1694,.
1929-08-01,.,8.0863,.
1929-09-01,.,8.0309,.
1929-10-01,.,7.8924,.
1929-11-01,.,7.5047,.
1929-12-01,.,7.1724,.
1930-01-01,.,7.1724,.
1930-02-01,.,7.1447,.
1930-03-01,.,7.0340,.
1930-04-01,.,6.9786,.
1930-05-01,.,6.8678,.
1930-06-01,.,6.6740,.
1930-07-01,.,6.3693,.
1930-08-01,.,6.2309,.
1930-09-01,.,6.1201,.
1930-10-01,.,5.9539,.
1930-11-01,.,5.8155,.
1930-12-01,.,5.6770,.
1931-01-01,.,5.6493,.
1931-02-01,.,5.6770,.
1931-03-01,.,5.7878,.
1931-04-01,.,5.8155,.
1931-05-01,.,5.7324,.
1931-06-01,.,5.5939,.
1931-07-01,.,5.5109,.
1931-08-01,.,5.3170,.
1931-09-01,.,5.0678,.
1931-10-01,.,4.8739,.
1931-11-01,.,4.8185,.
1931-12-01,.,4.7908,.
1932-01-01,.,4.6524,.
1932-02-01,.,4.5416,.
1932-03-01,.,4.4862,.
1932-04-01,.,4.1816,.
1932-05-01,.,4.0431,.
1932-06-01,.,3.9047,.
1932-07-01,.,3.7939,.
1932-08-01,.,3.9047,.
1932-09-01,.,4.1539,.
1932-10-01,.,4.2924,.
1932-11-01,.,4.2924,.
1932-12-01,.,4.2093,.
1933-01-01,.,4.1262,.
1933-02-01,.,4.1539,.
1933-03-01,.,3.9047,.
1933-04-01,.,4.1816,.
1933-05-01,.,4.8739,.
1933-06-01,.,5.6216,.
1933-07-01,.,6.1478,.
1933-08-01,.,5.8986,.
1933-09-01,.,5.5663,.
1933-10-01,.,5.2893,.
1933-11-01,.,4.9847,.
1933-12-01,.,5.0124,.
1934-01-01,.,5.1785,.
1934-02-01,.,5.4278,.
1934-03-01,.,5.6770,.
1934-04-01,.,5.6770,.
1934-05-01,.,5.7878,.
1934-06-01,.,5.6770,.
1934-07-01,.,5.2893,.
1934-08-01,.,5.2339,.
1934-09-01,.,4.9293,.
1934-10-01,.,5.1509,.
1934-11-01,.,5.2062,.
1934-12-01,.,5.5386,.
1935-01-01,.,5.9816,.
1935-02-01,.,6.0924,.
1935-03-01,.,6.0647,.
1935-04-01,.,5.9539,.
1935-05-01,.,5.9539,.
1935-06-01,.,6.0370,.
1935-07-01,.,6.0370,.
1935-08-01,.,6.2586,.
1935-09-01,.,6.4247,.
1935-10-01,.,6.6186,.
1935-11-01,.,6.7570,.
1935-12-01,.,6.8401,.
1936-01-01,.,6.7293,.
1936-02-01,.,6.5632,.
1936-03-01,.,6.6463,.
1936-04-01,.,7.0617,.
1936-05-01,.,7.2001,.
1936-06-01,.,7.3386,.
1936-07-01,.,7.4770,.
1936-08-01,.,7.5878,.
1936-09-01,.,7.7263,.
1936-10-01,.,7.8371,.
1936-11-01,.,8.0586,.
1936-12-01,.,8.3078,.
1937-01-01,.,8.2801,.
1937-02-01,.,8.3909,.
1937-03-01,.,8.5848,.
1937-04-01,.,8.5848,.
1937-05-01,.,8.6125,.
1937-06-01,.,8.5017,.
1937-07-01,.,8.5571,.
1937-08-01,.,8.5017,.
1937-09-01,.,8.2248,.
1937-10-01,.,7.6155,.
1937-11-01,.,6.8678,.
1937-12-01,.,6.2586,.
1938-01-01,.,6.1201,.
1938-02-01,.,6.0647,.
1938-03-01,.,6.0647,.
1938-04-01,.,5.9539,.
1938-05-01,.,5.8155,.
1938-06-01,.,5.8709,.
1938-07-01,.,6.2032,.
1938-08-01,.,6.5355,.
1938-09-01,.,6.7293,.
1938-10-01,.,6.8955,.
1938-11-01,.,7.1724,.
1938-12-01,.,7.2555,.
1939-01-01,.,7.2555,.
1939-02-01,.,7.3109,.
1939-03-01,.,7.3386,.
1939-04-01,.,7.3109,.
1939-05-01,.,7.2832,.
1939-06-01,.,7.4494,.
1939-07-01,.,7.6709,.
1939-08-01,.,7.7817,.
1939-09-01,.,8.2525,.
1939-10-01,.,8.6678,.
1939-11-01,.,8.8894,.
1939-12-01,.,8.8894,.
1940-01-01,.,8.7786,.
1940-02-01,.,8.5017,.
1940-03-01,.,8.3078,.
1940-04-01,.,8.4740,.
1940-05-01,.,8.7232,.
1940-06-01,.,9.0002,.
1940-07-01,.,9.1109,.
1940-08-01,.,9.1663,.
1940-09-01,.,9.3602,.
1940-10-01,.,9.4986,.
1940-11-01,.,9.7202,.
1940-12-01,.,10.0525,.
1941-01-01,.,10.3017,.
1941-02-01,.,10.6063,.
1941-03-01,.,10.9386,.
1941-04-01,.,10.9663,.
1941-05-01,.,11.4648,.
1941-06-01,.,11.5479,.
1941-07-01,.,11.6864,.
1941-08-01,.,11.8248,.
1941-09-01,.,11.8248,.
1941-10-01,.,11.9356,.
1941-11-01,.,11.9910,.
1941-12-01,.,12.1848,.
1942-01-01,.,12.4341,.
1942-02-01,.,12.6556,.
1942-03-01,.,12.7941,.
1942-04-01,.,12.4341,.
1942-05-01,.,12.4617,.
1942-06-01,.,12.4895,.
1942-07-01,.,12.7941,.
1942-08-01,.,13.1818,.
1942-09-01,.,13.4864,.
1942-10-01,.,13.9295,.
1942-11-01,.,14.2618,.
1942-12-01,.,14.5941,.
1943-01-01,.,14.7326,.
1943-02-01,.,15.1203,.
1943-03-01,.,15.2310,.
1943-04-01,.,15.4249,.
1943-05-01,.,15.5356,.
1943-06-01,.,15.4526,.
1943-07-01,.,15.9233,.
1943-08-01,.,16.2557,.
1943-09-01,.,16.6711,.
1943-10-01,.,16.9203,.
1943-11-01,.,17.1418,.
1943-12-01,.,16.9203,.
1944-01-01,.,17.1141,.
1944-02-01,.,17.2526,.
1944-03-01,.,17.2249,.
1944-04-01,.,17.2249,.
1944-05-01,.,17.1142,.
1944-06-01,.,17.0588,.
1944-07-01,.,17.0311,.
1944-08-01,.,17.2526,.
1944-09-01,.,17.1418,.
1944-10-01,.,17.1972,.
1944-11-01,.,17.0588,.
1944-12-01,.,17.0034,.
1945-01-01,.,16.8372,.
1945-02-01,.,16.7818,.
1945-03-01,.,16.6710,.
1945-04-01,.,16.3664,.
1945-05-01,.,15.9234,.
1945-06-01,.,15.5633,.
1945-07-01,.,15.2034,.
1945-08-01,.,13.6249,.
1945-09-01,.,12.4064,.
1945-10-01,.,11.9079,.
1945-11-01,.,12.3510,.
1945-12-01,.,12.4064,.
1946-01-01,.,11.7140,.
1946-02-01,.,11.1325,.
1946-03-01,.,12.2956,.
1946-04-01,.,12.0741,.
1946-05-01,.,11.6310,.
1946-06-01,.,12.3510,.
1946-07-01,.,12.7664,.
1946-08-01,.,13.2371,.
1946-09-01,.,13.4864,.
1946-10-01,.,13.7356,.
1946-11-01,.,13.8187,.
1946-12-01,.,13.9018,.
1947-01-01,21.48,14.0679,.
1947-02-01,21.62,14.1510,.
1947-03-01,22.0,14.2341,.
1947-04-01,22.0,14.1233,.
1947-05-01,21.95,14.1787,.
1947-06-01,22.08,14.1787,.
1947-07-01,22.23,14.0956,.
1947-08-01,22.4,14.1787,.
1947-09-01,22.84,14.2895,.
1947-10-01,22.91,14.4279,.
1947-11-01,23.06,14.6218,.
1947-12-01,23.41,14.6772,.
1948-01-01,23.68,14.7603,.
1948-02-01,23.67,14.7880,.
1948-03-01,23.5,14.6218,.
1948-04-01,23.82,14.6495,.
1948-05-01,24.01,14.8987,.
1948-06-01,24.15,15.0926,.
1948-07-01,24.4,15.0926,.
1948-08-01,24.43,15.0372,.
1948-09-01,24.36,14.9264,.
1948-10-01,24.31,15.0372,.
1948-11-01,24.16,14.8433,.
1948-12-01,24.05,14.7049,.
1949-01-01,24.01,14.5664,.
1949-02-01,23.91,14.4280,.
1949-03-01,23.91,14.1510,.
1949-04-01,23.92,14.0679,.
1949-05-01,23.91,13.8741,.
1949-06-01,23.92,13.8464,.
1949-07-01,23.7,13.8187,.
1949-08-01,23.7,13.9572,.
1949-09-01,23.75,14.0956,.
1949-10-01,23.67,13.5695,.
1949-11-01,23.7,13.9295,.
1949-12-01,23.61,14.1787,.
1950-01-01,23.51,14.4279,.
1950-02-01,23.61,14.4833,.
1950-03-01,23.64,14.9541,.
1950-04-01,23.65,15.4526,.
1950-05-01,23.77,15.8126,.
1950-06-01,23.88,16.2834,.
1950-07-01,24.07,16.8095,.
1950-08-01,24.2,17.3357,.
1950-09-01,24.34,17.2249,.
1950-10-01,24.5,17.3357,.
1950-11-01,24.6,17.3080,.
1950-12-01,24.98,17.6126,.
1951-01-01,25.38,17.6680,.
1951-02-01,25.83,17.7788,.
1951-03-01,25.88,17.8618,.
1951-04-01,25.92,17.8895,.
1951-05-01,25.99,17.8342,.
1951-06-01,25.93,17.7511,.
1951-07-01,25.91,17.4741,.
1951-08-01,25.86,17.3080,.
1951-09-01,26.03,17.4188,.
1951-10-01,26.16,17.3911,.
1951-11-01,26.32,17.5295,.
1951-12-01,26.47,17.6403,.
1952-01-01,26.45,17.8341,.
1952-02-01,26.41,17.9449,.
1952-03-01,26.39,18.0003,.
1952-04-01,26.46,17.8341,.
1952-05-01,26.47,17.6680,.
1952-06-01,26.53,17.5018,.
1952-07-01,26.68,17.2249,.
1952-08-01,26.69,18.3326,.
1952-09-01,26.63,18.9972,.
1952-10-01,26.69,19.1911,.
1952-11-01,26.69,19.5788,.
1952-12-01,26.71,19.6896,.
1953-01-01,26.64,19.7449,.
1953-02-01,26.59,19.8557,.
1953-03-01,26.63,20.0219,.
1953-04-01,26.69,20.1050,.
1953-05-01,26.7,20.2157,.
1953-06-01,26.77,20.1326,.
1953-07-01,26.79,20.3819,.
1953-08-01,26.85,20.2711,.
1953-09-01,26.89,19.8557,.
1953-10-01,26.95,19.6896,.
1953-11-01,26.85,19.2188,.
1953-12-01,26.87,18.7480,.
1954-01-01,26.94,18.6095,.
1954-02-01,26.99,18.6649,.
1954-03-01,26.93,18.5542,.
1954-04-01,26.86,18.4434,.
1954-05-01,26.93,18.5542,.
1954-06-01,26.94,18.6096,.
1954-07-01,26.86,18.6372,.
1954-08-01,26.85,18.6095,.
1954-09-01,26.81,18.6372,.
1954-10-01,26.72,18.8588,.
1954-11-01,26.78,19.1634,.
1954-12-01,26.77,19.4126,.
1955-01-01,26.77,19.8557,.
1955-02-01,26.82,20.1050,.
1955-03-01,26.79,20.5757,.
1955-04-01,26.79,20.8250,.
1955-05-01,26.77,21.1573,.
1955-06-01,26.71,21.1850,.
1955-07-01,26.76,21.3511,.
1955-08-01,26.72,21.3234,.
1955-09-01,26.85,21.4619,.
1955-10-01,26.82,21.8219,.
1955-11-01,26.88,21.8773,.
1955-12-01,26.87,21.9604,.
1956-01-01,26.83,22.0988,.
1956-02-01,26.86,21.9050,.
1956-03-01,26.89,21.9050,.
1956-04-01,26.93,22.0712,.
1956-05-01,27.03,21.8773,.
1956-06-01,27.15,21.6835,.
1956-07-01,27.29,21.0188,.
1956-08-01,27.31,21.8773,.
1956-09-01,27.35,22.3758,.
1956-10-01,27.51,22.5696,.
1956-11-01,27.51,22.3758,.
1956-12-01,27.63,22.7081,.
1957-01-01,27.67,22.6250,.
1957-02-01,27.8,22.8466,.
1957-03-01,27.86,22.8189,.
1957-04-01,27.93,22.5142,.
1957-05-01,28.0,22.4312,.
1957-06-01,28.11,22.4866,.
1957-07-01,28.19,22.6250,.
1957-08-01,28.28,22.6250,.
1957-09-01,28.32,22.4312,.
1957-10-01,28.32,22.0988,.
1957-11-01,28.41,21.5727,.
1957-12-01,28.47,21.1573,.
1958-01-01,28.64,20.7696,.
1958-02-01,28.7,20.3265,.
1958-03-01,28.87,20.0773,.
1958-04-01,28.94,19.7450,.
1958-05-01,28.94,19.9388,.
1958-06-01,28.91,20.4650,.
1958-07-01,28.89,20.7696,.
1958-08-01,28.94,21.1850,.
1958-09-01,28.91,21.3788,.
1958-10-01,28.91,21.6281,.
1958-11-01,28.95,22.2650,.
1958-12-01,28.97,22.2927,.
1959-01-01,29.01,22.6250,.
1959-02-01,29.0,23.0681,.
1959-03-01,28.97,23.4004,.
1959-04-01,28.98,23.8989,.
1959-05-01,29.04,24.2589,.
1959-06-01,29.11,24.2866,.
1959-07-01,29.15,23.7050,.
1959-08-01,29.18,22.9019,.
1959-09-01,29.25,22.8743,.
1959-10-01,29.35,22.7081,.
1959-11-01,29.35,22.8466,.
1959-12-01,29.41,24.2589,.
1960-01-01,29.37,24.8958,.
1960-02-01,29.41,24.6743,.
1960-03-01,29.41,24.4528,.
1960-04-01,29.54,24.2589,.
1960-05-01,29.57,24.2312,.
1960-06-01,29.61,23.9266,.
1960-07-01,29.55,23.8435,.
1960-08-01,29.61,23.8158,.
1960-09-01,29.61,23.5666,.
1960-10-01,29.75,23.5389,.
1960-11-01,29.78,23.2066,.
1960-12-01,29.81,22.7635,.
1961-01-01,29.84,22.7912,.
1961-02-01,29.84,22.7635,.
1961-03-01,29.84,22.9020,.
1961-04-01,29.81,23.3727,.
1961-05-01,29.84,23.7327,.
1961-06-01,29.84,24.0650,.
1961-07-01,29.92,24.3420,.
1961-08-01,29.94,24.5635,.
1961-09-01,29.98,24.5358,.
1961-10-01,29.98,25.0066,.
1961-11-01,29.98,25.3943,.
1961-12-01,30.01,25.6158,.
1962-01-01,30.04,25.3943,.
1962-02-01,30.11,25.8097,.
1962-03-01,30.17,25.9482,.
1962-04-01,30.21,26.0035,.
1962-05-01,30.24,25.9758,.
1962-06-01,30.21,25.9205,.
1962-07-01,30.22,26.1697,.
1962-08-01,30.28,26.1974,.
1962-09-01,30.42,26.3635,.
1962-10-01,30.38,26.3912,.
1962-11-01,30.38,26.5020,.
1962-12-01,30.38,26.5020,.
1963-01-01,30.44,26.6958,.
1963-02-01,30.48,27.0005,.
1963-03-01,30.51,27.1666,.
1963-04-01,30.48,27.4159,.
1963-05-01,30.51,27.7482,.
1963-06-01,30.61,27.8313,.
1963-07-01,30.69,27.7205,.
1963-08-01,30.75,27.7759,.
1963-09-01,30.72,28.0528,.
1963-10-01,30.75,28.2466,.
1963-11-01,30.78,28.3851,.
1963-12-01,30.88,28.3297,.
1964-01-01,30.94,28.5790,.
1964-02-01,30.91,28.7728,.
1964-03-01,30.94,28.7728,.
1964-04-01,30.95,29.2436,.
1964-05-01,30.98,29.4098,.
1964-06-01,31.01,29.4928,.
1964-07-01,31.02,29.6867,.
1964-08-01,31.05,29.8805,.
1964-09-01,31.08,29.9913,.
1964-10-01,31.12,29.5759,.
1964-11-01,31.21,30.4898,.
1964-12-01,31.25,30.8498,.
1965-01-01,31.28,31.1821,.
1965-02-01,31.28,31.3760,.
1965-03-01,31.31,31.7913,.
1965-04-01,31.38,31.9298,.
1965-05-01,31.48,32.1790,.
1965-06-01,31.61,32.4283,.
1965-07-01,31.58,32.7329,.
1965-08-01,31.55,32.8713,.
1965-09-01,31.62,32.9544,.
1965-10-01,31.65,33.2868,.
1965-11-01,31.75,33.4252,.
1965-12-01,31.85,33.8406,.
1966-01-01,31.88,34.1729,.
1966-02-01,32.08,34.3945,.
1966-03-01,32.18,34.8652,.
1966-04-01,32.28,34.9206,.
1966-05-01,32.35,35.2529,.
1966-06-01,32.38,35.4191,.
1966-07-01,32.45,35.6129,.
1966-08-01,32.65,35.6406,.
1966-09-01,32.75,35.9729,.
1966-10-01,32.85,36.2221,.
1966-11-01,32.88,35.9729,.
1966-12-01,32.92,36.0560,.
1967-01-01,32.9,36.2261,.
1967-02-01,33.0,35.8152,.
1967-03-01,33.0,35.6133,.
1967-04-01,33.1,35.9492,.
1967-05-01,33.1,35.6356,.
1967-06-01,33.3,35.6311,.
1967-07-01,33.4,35.5500,.
1967-08-01,33.5,36.2311,.
1967-09-01,33.6,36.1723,.
1967-10-01,33.7,36.4669,.
1967-11-01,33.9,36.9884,.
1967-12-01,34.0,37.3868,.
1968-01-01,34.1,37.3465,.
1968-02-01,34.2,37.4804,.
1968-03-01,34.3,37.5974,.
1968-04-01,34.4,37.6518,.
1968-05-01,34.5,38.0741,.
1968-06-01,34.7,38.2140,.
1968-07-01,34.9,38.1554,.
1968-08-01,35.0,38.2619,.
1968-09-01,35.1,38.4068,.
1968-10-01,35.3,38.4830,.
1968-11-01,35.4,38.9808,.
1968-12-01,35.6,39.1039,.
1969-01-01,35.7,39.3405,.
1969-02-01,35.8,39.5922,.
1969-03-01,36.1,39.9027,.
1969-04-01,36.3,39.7559,.
1969-05-01,36.4,39.6056,.
1969-06-01,36.6,39.9925,.
1969-07-01,36.8,40.2037,.
1969-08-01,36.9,40.2961,.
1969-09-01,37.1,40.2870,.
1969-10-01,37.3,40.2988,.
1969-11-01,37.5,39.9189,.
1969-12-01,37.7,39.8118,.
1970-01-01,37.9,39.0746,.
1970-02-01,38.1,39.0488,.
1970-03-01,38.3,38.9981,.
1970-04-01,38.5,38.8979,.
1970-05-01,38.6,38.8525,.
1970-06-01,38.8,38.7269,.
1970-07-01,38.9,38.8219,.
1970-08-01,39.0,38.7527,.
1970-09-01,39.2,38.4856,.
1970-10-01,39.4,37.7157,.
1970-11-01,39.6,37.4873,.
1970-12-01,39.8,38.3482,.
1971-01-01,39.9,38.6432,.
1971-02-01,39.9,38.5695,.
1971-03-01,40.0,38.5278,.
1971-04-01,40.1,38.7441,.
1971-05-01,40.3,38.9407,.
1971-06-01,40.5,39.1040,.
1971-07-01,40.6,38.9905,.
1971-08-01,40.7,38.7642,.
1971-09-01,40.8,39.3942,.
1971-10-01,40.9,39.6891,.
1971-11-01,41.0,39.8576,.
1971-12-01,41.1,40.3177,.
1972-01-01,41.2,41.2876,.
1972-02-01,41.4,41.6865,.
1972-03-01,41.4,41.9746,.
1972-04-01,41.5,42.4183,.
1972-05-01,41.6,42.3963,.
1972-06-01,41.7,42.5166,.
1972-07-01,41.8,42.4980,.
1972-08-01,41.9,43.0629,.
1972-09-01,42.1,43.3918,.
1972-10-01,42.2,43.9718,.
1972-11-01,42.4,44.4919,.
1972-12-01,42.5,45.0015,.
1973-01-01,42.7,45.2942,.
1973-02-01,43.0,45.9656,.
1973-03-01,43.4,45.9872,.
1973-04-01,43.7,45.9237,.
1973-05-01,43.9,46.2192,.
1973-06-01,44.2,46.2509,.
1973-07-01,44.2,46.4421,.
1973-08-01,45.0,46.3648,.
1973-09-01,45.2,46.7803,.
1973-10-01,45.6,47.0954,.
1973-11-01,45.9,47.3445,.
1973-12-01,46.3,47.2315,.
1974-01-01,46.8,46.8994,.
1974-02-01,47.3,46.7538,.
1974-03-01,47.8,46.7685,.
1974-04-01,48.1,46.6069,.
1974-05-01,48.6,46.9743,.
1974-06-01,49.0,46.9233,.
1974-07-01,49.3,46.9464,.
1974-08-01,49.9,46.4907,.
1974-09-01,50.6,46.5136,.
1974-10-01,51.0,46.3401,.
1974-11-01,51.5,44.8209,.
1974-12-01,51.9,43.2340,.
1975-01-01,52.3,42.6409,.
1975-02-01,52.6,41.6602,.
1975-03-01,52.8,41.2135,.
1975-04-01,53.0,41.2460,.
1975-05-01,53.1,41.1515,.
1975-06-01,53.5,41.4224,.
1975-07-01,54.0,41.8234,.
1975-08-01,54.2,42.2573,.
1975-09-01,54.6,42.7796,.
1975-10-01,54.9,42.9687,.
1975-11-01,55.3,43.0614,.
1975-12-01,55.6,43.5973,.
1976-01-01,55.8,44.2288,.
1976-02-01,55.9,44.6725,.
1976-03-01,56.0,44.7125,.
1976-04-01,56.1,44.9643,.
1976-05-01,56.4,45.1741,.
1976-06-01,56.7,45.1830,.
1976-07-01,57.0,45.4535,.
1976-08-01,57.3,45.7737,.
1976-09-01,57.6,45.9031,.
1976-10-01,57.9,45.9207,.
1976-11-01,58.1,46.5978,.
1976-12-01,58.4,47.0854,.
1977-01-01,58.7,46.8276,.
1977-02-01,59.3,47.5417,.
1977-03-01,59.6,48.1310,.
1977-04-01,60.0,48.5838,.
1977-05-01,60.2,48.9891,.
1977-06-01,60.5,49.3428,.
1977-07-01,60.8,49.4120,.
1977-08-01,61.1,49.4259,.
1977-09-01,61.3,49.6639,.
1977-10-01,61.6,49.7592,.
1977-11-01,62.0,49.8117,.
1977-12-01,62.3,49.8949,.
1978-01-01,62.7,49.2066,.
1978-02-01,63.0,49.4502,.
1978-03-01,63.4,50.3928,.
1978-04-01,63.9,51.4368,.
1978-05-01,64.5,51.6276,.
1978-06-01,65.0,51.9833,.
1978-07-01,65.5,51.9592,.
1978-08-01,65.9,52.1543,.
1978-09-01,66.5,52.2860,.
1978-10-01,67.1,52.7054,.
1978-11-01,67.5,53.1047,.
1978-12-01,67.9,53.3886,.
1979-01-01,68.5,53.0453,.
1979-02-01,69.2,53.3303,.
1979-03-01,69.9,53.4973,.
1979-04-01,70.6,52.8938,.
1979-05-01,71.4,53.3187,.
1979-06-01,72.2,53.3157,.
1979-07-01,73.0,53.2433,.
1979-08-01,73.7,52.8899,.
1979-09-01,74.4,52.9486,.
1979-10-01,75.2,53.2390,.
1979-11-01,76.0,53.1918,.
1979-12-01,76.9,53.2603,.
1980-01-01,78.0,53.5037,.
1980-02-01,79.0,53.5053,.
1980-03-01,80.1,53.3294,.
1980-04-01,80.9,52.2336,.
1980-05-01,81.7,50.9638,.
1980-06-01,82.5,50.3348,.
1980-07-01,82.6,49.9462,.
1980-08-01,83.2,50.1256,.
1980-09-01,83.9,50.9386,.
1980-10-01,84.7,51.5813,.
1980-11-01,85.6,52.4717,.
1980-12-01,86.4,52.7685,.
1981-01-01,87.2,52.4668,.
1981-02-01,88.0,52.2260,.
1981-03-01,88.6,52.5025,.
1981-04-01,89.1,52.2691,.
1981-05-01,89.7,52.5803,.
1981-06-01,90.5,52.8284,.
1981-07-01,91.5,53.1751,.
1981-08-01,92.2,53.1679,.
1981-09-01,93.1,52.8514,.
1981-10-01,93.4,52.4949,.
1981-11-01,93.8,51.8940,.
1981-12-01,94.1,51.3274,.
1982-01-01,94.4,50.3043,12.9180000000000000
1982-02-01,94.7,51.3016,14.2794444444444444
1982-03-01,94.7,50.9104,13.3147826086956522
1982-04-01,95.0,50.4627,13.3447619047619048
1982-05-01,95.9,50.1380,12.7140000000000000
1982-06-01,97.0,49.9692,13.0786363636363636
1982-07-01,97.5,49.8138,11.8633333333333333
1982-08-01,97.7,49.3773,8.9972727272727273
1982-09-01,97.7,49.2260,8.1928571428571429
1982-10-01,98.1,48.7874,7.9675000000000000
1982-11-01,98.0,48.5920,8.3463157894736842
1982-12-01,97.7,48.2424,8.2027272727272727
1983-01-01,97.9,49.1762,8.1171428571428571
1983-02-01,98.0,48.8688,8.3942105263157895
1983-03-01,98.1,49.2654,8.6595652173913043
1983-04-01,98.8,49.8675,8.5135000000000000
1983-05-01,99.2,50.2084,8.4957142857142857
1983-06-01,99.4,50.5089,9.1395454545454545
1983-07-01,99.8,51.2733,9.4495000000000000
1983-08-01,100.1,51.8454,9.7391304347826087
1983-09-01,100.4,52.6303,9.3614285714285714
1983-10-01,100.8,53.0679,8.9880000000000000
1983-11-01,101.1,53.2534,9.1110526315789474
1983-12-01,101.4,53.5343,9.3576190476190476
1984-01-01,102.1,54.6008,9.2638095238095238
1984-02-01,102.6,54.8350,9.4594736842105263
1984-03-01,102.9,55.1052,9.8895454545454545
1984-04-01,103.3,55.4514,10.0730000000000000
1984-05-01,103.5,55.7141,10.2231818181818182
1984-06-01,103.7,55.9085,10.2604761904761905
1984-07-01,104.1,56.0842,10.5309523809523810
1984-08-01,104.4,56.1376,10.9004347826086957
1984-09-01,104.7,56.0382,10.7957894736842105
1984-10-01,105.1,55.9459,10.1245454545454545
1984-11-01,105.3,56.1667,8.9247368421052632
1984-12-01,105.5,56.2296,8.3375000000000000
1985-01-01,105.7,56.1398,8.0200000000000000
1985-02-01,106.3,56.3323,8.5572222222222222
1985-03-01,106.8,56.4232,8.8300000000000000
1985-04-01,107.0,56.2693,8.2219047619047619
1985-05-01,107.2,56.3488,7.7331818181818182
1985-06-01,107.5,56.3901,7.1800000000000000
1985-07-01,107.7,56.0234,7.3163636363636364
1985-08-01,107.9,56.2555,7.3704545454545455
1985-09-01,108.1,56.4983,7.3331578947368421
1985-10-01,108.5,56.2648,7.4009090909090909
1985-11-01,109.0,56.4549,7.4763157894736842
1985-12-01,109.5,57.0458,7.3300000000000000
1986-01-01,109.9,57.3104,7.3019047619047619
1986-02-01,109.7,56.9344,7.2905263157894737
1986-03-01,109.1,56.5420,6.7640000000000000
1986-04-01,108.7,56.5599,6.2354545454545455
1986-05-01,109.0,56.6823,6.3347619047619048
1986-06-01,109.4,56.4976,6.3966666666666667
1986-07-01,109.5,56.8140,5.9995454545454545
1986-08-01,109.6,56.7381,5.6852380952380952
1986-09-01,110.0,56.8532,5.3523809523809524
1986-10-01,110.2,57.1191,5.3231818181818182
1986-11-01,110.4,57.3792,5.5000000000000000
1986-12-01,110.8,57.8623,5.6827272727272727
1987-01-01,111.4,57.6850,5.5780000000000000
1987-02-01,111.8,58.4399,5.7510526315789474
1987-03-01,112.2,58.5160,5.7659090909090909
1987-04-01,112.7,58.8851,5.8157142857142857
1987-05-01,113.0,59.2653,5.8465000000000000
1987-06-01,113.5,59.5409,5.8545454545454545
1987-07-01,113.8,59.9536,5.8790909090909091
1987-08-01,114.3,60.4517,6.2333333333333333
1987-09-01,114.7,60.6069,6.6214285714285714
1987-10-01,115.0,61.4910,6.3509523809523810
1987-11-01,115.4,61.8137,5.8900000000000000
1987-12-01,115.6,62.1190,5.9595454545454545
1988-01-01,116.0,62.1469,6.0047368421052632
1988-02-01,116.2,62.4169,5.8425000000000000
1988-03-01,116.5,62.5418,5.8700000000000000
1988-04-01,117.2,62.8959,6.0830000000000000
1988-05-01,117.5,62.8223,6.4542857142857143
1988-06-01,118.0,62.9823,6.6640909090909091
1988-07-01,118.5,63.0093,6.9480000000000000
1988-08-01,119.0,63.2723,7.2995652173913043
1988-09-01,119.5,63.0990,7.4780952380952381
1988-10-01,119.9,63.4122,7.5970000000000000
1988-11-01,120.3,63.5128,8.0285000000000000
1988-12-01,120.7,63.8233,8.3485714285714286
1989-01-01,121.2,64.0153,8.5585000000000000
1989-02-01,121.6,63.7242,8.8368421052631579
1989-03-01,122.2,63.8691,9.1422727272727273
1989-04-01,123.1,63.9124,8.9625000000000000
1989-05-01,123.7,63.4884,8.7359090909090909
1989-06-01,124.1,63.5187,8.4345454545454545
1989-07-01,124.5,62.9354,8.1470000000000000
1989-08-01,124.5,63.5168,8.1700000000000000
1989-09-01,124.8,63.2954,8.0145000000000000
1989-10-01,125.4,63.2542,7.8995238095238095
1989-11-01,125.9,63.4616,7.9438095238095238
1989-12-01,126.3,63.8467,7.8795000000000000
1990-01-01,127.5,63.4228,7.8980952380952381
1990-02-01,128.0,64.0446,8.0021052631578947
1990-03-01,128.6,64.3580,8.1700000000000000
1990-04-01,128.9,64.2602,8.0405000000000000
1990-05-01,129.1,64.3973,8.0068181818181818
1990-06-01,129.9,64.6041,7.9866666666666667
1990-07-01,130.5,64.5205,7.8747619047619048
1990-08-01,131.6,64.7326,7.6943478260869565
1990-09-01,132.5,64.8145,7.5978947368421053
1990-10-01,133.4,64.3274,7.4000000000000000
1990-11-01,133.7,63.5753,7.2905000000000000
1990-12-01,134.2,63.1594,6.9495000000000000
1991-01-01,134.7,62.8852,6.4104761904761905
1991-02-01,134.8,62.4462,6.1163157894736842
1991-03-01,134.8,62.1190,6.0935000000000000
1991-04-01,135.1,62.2415,5.8254545454545455
1991-05-01,135.6,62.8646,5.6336363636363636
1991-06-01,136.0,63.4372,5.7510000000000000
1991-07-01,136.2,63.5128,5.7509090909090909
1991-08-01,136.6,63.5671,5.4977272727272727
1991-09-01,137.0,64.1330,5.3735000000000000
1991-10-01,137.2,64.0213,5.1440909090909091
1991-11-01,137.8,63.9480,4.6894736842105263
1991-12-01,138.2,63.6937,4.1842857142857143
1992-01-01,138.3,63.3374,3.9061904761904762
1992-02-01,138.6,63.7911,3.9500000000000000
1992-03-01,139.1,64.3212,4.1386363636363636
1992-04-01,139.4,64.8088,3.8390476190476190
1992-05-01,139.7,65.0202,3.7190000000000000
1992-06-01,140.1,65.0295,3.7450000000000000
1992-07-01,140.5,65.6172,3.2795454545454545
1992-08-01,140.8,65.2943,3.1990476190476190
1992-09-01,141.1,65.4460,2.9685714285714286
1992-10-01,141.7,65.9369,2.9328571428571429
1992-11-01,142.1,66.2174,3.2057894736842105
1992-12-01,142.3,66.2772,3.2913636363636364
1993-01-01,142.8,66.5643,3.0710526315789474
1993-02-01,143.1,66.8594,2.9926315789473684
1993-03-01,143.3,66.7658,3.0143478260869565
1993-04-01,143.8,67.0000,2.9304761904761905
1993-05-01,144.2,66.7674,3.0250000000000000
1993-06-01,144.3,66.8781,3.1445454545454545
1993-07-01,144.5,67.0845,3.1109523809523810
1993-08-01,144.8,67.0140,3.0904545454545455
1993-09-01,145.0,67.3345,3.0085714285714286
1993-10-01,145.6,67.8515,3.0920000000000000
1993-11-01,146.0,68.1326,3.1795000000000000
1993-12-01,146.3,68.5054,3.1277272727272727
1994-01-01,146.3,68.7648,3.0445000000000000
1994-02-01,146.7,68.7836,3.3305263157894737
1994-03-01,147.1,69.4766,3.5908695652173913
1994-04-01,147.2,69.8703,3.7805263157894737
1994-05-01,147.5,70.2281,4.2676190476190476
1994-06-01,147.9,70.6763,4.2490909090909091
1994-07-01,148.4,70.7846,4.4565000000000000
1994-08-01,149.0,71.2053,4.6117391304347826
1994-09-01,149.3,71.4767,4.7514285714285714
1994-10-01,149.4,72.0820,5.1020000000000000
1994-11-01,149.8,72.5263,5.4490000000000000
1994-12-01,150.1,73.2879,5.7647619047619048
1995-01-01,150.5,73.4219,5.9015000000000000
1995-02-01,150.9,73.3025,5.9394736842105263
1995-03-01,151.2,73.4081,5.9104347826086957
1995-04-01,151.8,73.3612,5.8378947368421053
1995-05-01,152.1,73.6104,5.8477272727272727
1995-06-01,152.4,73.8602,5.6390909090909091
1995-07-01,152.6,73.5664,5.5930000000000000
1995-08-01,152.9,74.4950,5.5656521739130435
1995-09-01,153.1,74.7937,5.4340000000000000
1995-10-01,153.5,74.7017,5.4442857142857143
1995-11-01,153.7,74.8897,5.5180952380952381
1995-12-01,153.9,75.1755,5.2940000000000000
1996-01-01,154.7,74.6841,5.1504761904761905
1996-02-01,155.0,75.8344,4.9645000000000000
1996-03-01,155.5,75.7631,5.0976190476190476
1996-04-01,156.1,76.4562,5.0877272727272727
1996-05-01,156.4,77.0161,5.1536363636363636
1996-06-01,156.7,77.6669,5.2315000000000000
1996-07-01,157.0,77.5662,5.2981818181818182
1996-08-01,157.2,78.0160,5.1890909090909091
1996-09-01,157.7,78.5532,5.2375000000000000
1996-10-01,158.2,78.5065,5.1231818181818182
1996-11-01,158.7,79.1996,5.1694736842105263
1996-12-01,159.1,79.7143,5.0404761904761905
1997-01-01,159.4,79.8273,5.1657142857142857
1997-02-01,159.7,80.7930,5.1421052631578947
1997-03-01,159.8,81.3340,5.2845000000000000
1997-04-01,159.9,81.3531,5.3045454545454545
1997-05-01,159.9,81.8293,5.1966666666666667
1997-06-01,160.2,82.2285,5.0709523809523810
1997-07-01,160.4,82.8557,5.1945454545454545
1997-08-01,160.8,83.7214,5.2795238095238095
1997-09-01,161.2,84.4651,5.0847619047619048
1997-10-01,161.5,85.1918,5.1127272727272727
1997-11-01,161.7,85.9397,5.2811111111111111
1997-12-01,161.8,86.2047,5.3045454545454545
1998-01-01,162.0,86.6474,5.1790000000000000
1998-02-01,162.0,86.7612,5.2300000000000000
1998-03-01,162.0,86.8198,5.1618181818181818
1998-04-01,162.2,87.1411,5.0828571428571429
1998-05-01,162.6,87.6952,5.1400000000000000
1998-06-01,162.8,87.1450,5.1240909090909091
1998-07-01,163.2,86.8423,5.0945454545454545
1998-08-01,163.4,88.6247,5.0409523809523810
1998-09-01,163.5,88.4515,4.7390476190476190
1998-10-01,163.9,89.1677,4.0704761904761905
1998-11-01,164.1,89.1098,4.5310526315789474
1998-12-01,164.4,89.4407,4.4968181818181818
1999-01-01,164.7,89.8594,4.4463157894736842
1999-02-01,164.7,90.3386,4.5552631578947368
1999-03-01,164.8,90.4819,4.5665217391304348
1999-04-01,165.9,90.7274,4.4090909090909091
1999-05-01,166.0,91.3520,4.6310000000000000
1999-06-01,166.0,91.1994,4.7154545454545455
1999-07-01,166.7,91.7766,4.6857142857142857
1999-08-01,167.1,92.1629,4.8736363636363636
1999-09-01,167.8,91.7740,4.8223809523809524
1999-10-01,168.1,92.9979,5.0235000000000000
1999-11-01,168.4,93.4371,5.2275000000000000
1999-12-01,168.8,94.1593,5.3568181818181818
2000-01-01,169.3,94.1758,5.4990000000000000
2000-02-01,170.0,94.4557,5.7270000000000000
2000-03-01,171.0,94.7980,5.8639130434782609
2000-04-01,170.9,95.4808,5.8215789473684211
2000-05-01,171.2,95.6435,5.9945454545454545
2000-06-01,172.2,95.7353,5.8618181818181818
2000-07-01,172.7,95.5906,6.1425000000000000
2000-08-01,172.7,95.3112,6.2773913043478261
2000-09-01,173.6,95.6790,6.1750000000000000
2000-10-01,173.9,95.3970,6.2947619047619048
2000-11-01,174.2,95.4229,6.3561904761904762
2000-12-01,174.6,95.1573,5.9370000000000000
2001-01-01,175.6,94.5448,5.2852380952380952
2001-02-01,176.0,93.9398,5.0052631578947368
2001-03-01,176.1,93.7201,4.5354545454545455
2001-04-01,176.4,93.4469,3.9660000000000000
2001-05-01,177.3,92.8760,3.7031818181818182
2001-06-01,177.7,92.3208,3.5652380952380952
2001-07-01,177.4,91.7933,3.5933333333333333
2001-08-01,177.4,91.6795,3.4378260869565217
2001-09-01,178.1,91.3289,2.6923529411764706
2001-10-01,177.6,90.9315,2.1977272727272727
2001-11-01,177.5,90.4860,1.9065000000000000
2001-12-01,177.4,90.5073,1.7200000000000000
2002-01-01,177.7,91.0794,1.6847619047619048
2002-02-01,178.0,91.0553,1.7568421052631579
2002-03-01,178.5,91.7980,1.8250000000000000
2002-04-01,179.3,92.1771,1.7450000000000000
2002-05-01,179.5,92.5668,1.7604545454545455
2002-06-01,179.6,93.4476,1.7320000000000000
2002-07-01,180.0,93.2237,1.7136363636363636
2002-08-01,180.5,93.2359,1.6472727272727273
2002-09-01,180.8,93.3654,1.6590000000000000
2002-10-01,181.2,93.0834,1.6100000000000000
2002-11-01,181.5,93.5693,1.2547368421052632
2002-12-01,181.8,93.1103,1.2109523809523810
2003-01-01,182.600,93.8198,1.1890476190476190
2003-02-01,183.600,93.9532,1.1852631578947368
2003-03-01,183.900,93.7358,1.1509523809523810
2003-04-01,183.200,93.0657,1.1523809523809524
2003-05-01,182.900,93.0918,1.0880952380952381
2003-06-01,183.100,93.2476,0.93619047619047619048
2003-07-01,183.700,93.6582,0.92045454545454545455
2003-08-01,184.5,93.5246,0.96904761904761904762
2003-09-01,185.100,94.0751,0.95523809523809523810
2003-10-01,184.9,94.2079,0.94181818181818181818
2003-11-01,185.000,94.9338,0.95222222222222222222
2003-12-01,185.500,94.8662,0.91454545454545454545
2004-01-01,186.300,95.1085,0.90050000000000000000
2004-02-01,186.700,95.6847,0.94473684210526315789
2004-03-01,187.100,95.2088,0.95347826086956521739
2004-04-01,187.400,95.6385,0.95809523809523809524
2004-05-01,188.200,96.3966,1.03950000000000000000
2004-06-01,188.900,95.6019,1.2880952380952381
2004-07-01,189.100,96.3385,1.3576190476190476
2004-08-01,189.200,96.4095,1.5031818181818182
2004-09-01,189.800,96.4907,1.6814285714285714
2004-10-01,190.8,97.4094,1.7945000000000000
2004-11-01,191.700,97.6137,2.1075000000000000
2004-12-01,191.700,98.3318,2.2227272727272727
2005-01-01,191.600,98.7845,2.3710000000000000
2005-02-01,192.400,99.4639,2.5794736842105263
2005-03-01,193.100,99.3061,2.7959090909090909
2005-04-01,193.700,99.4734,2.8366666666666667
2005-05-01,193.600,99.6033,2.9019047619047619
2005-06-01,193.700,99.9853,3.0363636363636364
2005-07-01,194.900,99.6692,3.2875000000000000
2005-08-01,196.100,99.9435,3.5182608695652174
2005-09-01,198.800,98.0779,3.4942857142857143
2005-10-01,199.100,99.3149,3.7925000000000000
2005-11-01,198.100,100.3216,3.9745000000000000
2005-12-01,198.100,100.9437,3.9709523809523810
2006-01-01,199.300,101.0627,4.3360000000000000
2006-02-01,199.400,101.0669,4.5394736842105263
2006-03-01,199.700,101.2751,4.6278260869565217
2006-04-01,200.700,101.6813,4.7215789473684211
2006-05-01,201.300,101.5790,4.8363636363636364
2006-06-01,201.800,101.9693,4.9177272727272727
2006-07-01,202.900,101.9319,5.0765000000000000
2006-08-01,203.800,102.3327,5.0904347826086957
2006-09-01,202.800,102.1252,4.9300000000000000
2006-10-01,201.900,102.0668,5.0461904761904762
2006-11-01,202.000,101.9688,5.0733333333333333
2006-12-01,203.100,103.0292,4.9730000000000000
2007-01-01,203.437,102.4933,5.1052380952380952
2007-02-01,204.226,103.5264,5.1631578947368421
2007-03-01,205.288,103.7521,5.0800000000000000
2007-04-01,205.904,104.4814,5.0066666666666667
2007-05-01,206.755,104.5322,4.8677272727272727
2007-06-01,207.234,104.5617,4.7419047619047619
2007-07-01,207.603,104.5227,4.9609523809523810
2007-08-01,207.667,104.7556,4.3169565217391304
2007-09-01,208.547,105.1611,3.9942105263157895
2007-10-01,209.190,104.7171,4.0027272727272727
2007-11-01,210.834,105.3338,3.3545000000000000
2007-12-01,211.445,105.3457,3.0665000000000000
2008-01-01,212.174,105.0619,2.8200000000000000
2008-02-01,212.687,104.7094,2.1740000000000000
2008-03-01,213.448,104.4616,1.2835000000000000
2008-04-01,213.942,103.6704,1.3118181818181818
2008-05-01,215.208,103.0863,1.7642857142857143
2008-06-01,217.463,102.8445,1.8904761904761905
2008-07-01,219.016,102.3002,1.6550000000000000
2008-08-01,218.690,100.7353,1.7528571428571429
2008-09-01,218.877,96.3666,1.1466666666666667
2008-10-01,216.995,97.2832,0.68590909090909090909
2008-11-01,213.153,96.0605,0.19388888888888888889
2008-12-01,211.398,93.2521,0.03409090909090909091
2009-01-01,211.933,91.0373,0.12950000000000000000
2009-02-01,212.705,90.4502,0.29526315789473684211
2009-03-01,212.495,89.0160,0.21590909090909090909
2009-04-01,212.709,88.3056,0.15809523809523809524
2009-05-01,213.022,87.4155,0.17700000000000000000
2009-06-01,214.790,87.0742,0.17863636363636363636
2009-07-01,214.726,88.0323,0.18363636363636363636
2009-08-01,215.445,89.0190,0.17190476190476190476
2009-09-01,215.861,89.6926,0.12333333333333333333
2009-10-01,216.509,89.9797,0.07428571428571428571
2009-11-01,217.234,90.3375,0.05210526315789473684
2009-12-01,217.347,90.6132,0.05454545454545454545
2010-01-01,217.488,91.6642,0.06157894736842105263
2010-02-01,217.281,91.9940,0.10894736842105263158
2010-03-01,217.353,92.5993,0.15043478260869565217
2010-04-01,217.403,92.9436,0.16227272727272727273
2010-05-01,217.290,94.2997,0.16000000000000000000
2010-06-01,217.199,94.4397,0.12363636363636363636
2010-07-01,217.605,94.8536,0.15761904761904761905
2010-08-01,217.923,95.1448,0.15500000000000000000
2010-09-01,218.275,95.3637,0.15190476190476190476
2010-10-01,219.035,95.1109,0.13450000000000000000
2010-11-01,219.590,95.1383,0.14300000000000000000
2010-12-01,220.472,96.0599,0.14090909090909090909
2011-01-01,221.187,95.9364,0.15200000000000000000
2011-02-01,221.898,95.5154,0.13210526315789473684
2011-03-01,223.046,96.4643,0.10043478260869565217
2011-04-01,224.093,96.1187,0.05850000000000000000
2011-05-01,224.806,96.3377,0.04095238095238095238
2011-06-01,224.806,96.6154,0.03727272727272727273
2011-07-01,225.395,97.1292,0.03750000000000000000
2011-08-01,226.106,97.6731,0.02434782608695652174
2011-09-01,226.597,97.6494,0.01380952380952380952
2011-10-01,226.750,98.3222,0.01900000000000000000
2011-11-01,227.169,98.2433,0.01400000000000000000
2011-12-01,227.223,98.7876,0.01142857142857142857
2012-01-01,227.842,99.3925,0.03450000000000000000
2012-02-01,228.329,99.6203,0.09200000000000000000
2012-03-01,228.807,99.1551,0.08409090909090909091
2012-04-01,229.187,99.9006,0.08380952380952380952
2012-05-01,228.713,100.0924,0.08954545454545454545
2012-06-01,228.524,100.0728,0.09142857142857142857
2012-07-01,228.590,100.3354,0.09714285714285714286
2012-08-01,229.918,99.8560,0.10260869565217391304
2012-09-01,231.015,99.9049,0.10526315789473684211
2012-10-01,231.638,100.1167,0.10476190476190476190
2012-11-01,231.249,100.5991,0.09350000000000000000
2012-12-01,231.221,100.9542,0.07000000000000000000
2013-01-01,231.679,100.8204,0.07428571428571428571
2013-02-01,232.937,101.3995,0.09894736842105263158
2013-03-01,232.282,101.8114,0.08700000000000000000
2013-04-01,231.797,101.6364,0.06000000000000000000
2013-05-01,231.893,101.7476,0.04409090909090909091
2013-06-01,232.445,101.9549,0.05050000000000000000
2013-07-01,232.900,101.5204,0.03545454545454545455
2013-08-01,233.456,102.1907,0.04363636363636363636
2013-09-01,233.544,102.7170,0.01600000000000000000
2013-10-01,233.669,102.5371,0.04727272727272727273
2013-11-01,234.100,102.8379,0.06789473684210526316
2013-12-01,234.719,103.1504,0.06666666666666666667
2014-01-01,235.288,102.7216,0.04333333333333333333
2014-02-01,235.547,103.5917,0.05263157894736842105
2014-03-01,236.028,104.5889,0.05238095238095238095
2014-04-01,236.468,104.6371,0.03095238095238095238
2014-05-01,236.918,105.0152,0.03238095238095238095
2014-06-01,237.231,105.4081,0.03571428571428571429
2014-07-01,237.498,105.6157,0.02636363636363636364
2014-08-01,237.460,105.4986,0.03285714285714285714
2014-09-01,237.477,105.8138,0.02000000000000000000
2014-10-01,237.430,105.8357,0.01681818181818181818
2014-11-01,236.983,106.6634,0.02166666666666666667
2014-12-01,236.252,106.5085,0.02909090909090909091
2015-01-01,234.747,105.9806,0.02750000000000000000
2015-02-01,235.342,105.4425,0.01789473684210526316
2015-03-01,235.976,105.1464,0.02772727272727272727
2015-04-01,236.222,104.5272,0.02318181818181818182
2015-05-01,237.001,104.0742,0.01650000000000000000
2015-06-01,237.657,103.7174,0.01500000000000000000
2015-07-01,238.034,104.3243,0.03227272727272727273
2015-08-01,238.033,104.1621,0.07190476190476190476
2015-09-01,237.498,103.7768,0.02428571428571428571
2015-10-01,237.733,103.3976,0.01666666666666666667
2015-11-01,238.017,102.6866,0.12631578947368421053
2015-12-01,237.761,102.1014,0.22863636363636363636
2016-01-01,237.827,102.9525,0.25736842105263157895
2016-02-01,237.514,102.2225,0.31450000000000000000
2016-03-01,237.990,101.4155,0.29727272727272727273
2016-04-01,238.835,101.5167,0.22809523809523809524
2016-05-01,239.440,101.4298,0.27666666666666666667
2016-06-01,240.144,101.8747,0.27272727272727272727
2016-07-01,240.111,102.1325,0.30100000000000000000
2016-08-01,240.595,102.0407,0.29956521739130434783
2016-09-01,241.068,102.0477,0.29428571428571428571
2016-10-01,241.641,102.2485,0.33150000000000000000
2016-11-01,241.993,102.0507,0.45250000000000000000
2016-12-01,242.712,102.9281,0.51190476190476190476
2017-01-01,243.717,103.0366,0.51900000000000000000
2017-02-01,244.028,102.6479,0.52631578947368421053
2017-03-01,243.721,103.3430,0.74782608695652173913
2017-04-01,244.058,104.2721,0.80842105263157894737
2017-05-01,243.926,104.4129,0.90318181818181818182
2017-06-01,244.179,104.5849,0.99909090909090909091
2017-07-01,244.328,104.5427,1.0865000000000000
2017-08-01,245.304,104.0475,1.03217391304347826087
2017-09-01,246.445,104.0502,1.04650000000000000000
2017-10-01,246.570,105.6287,1.0933333333333333
2017-11-01,247.333,106.1930,1.2504761904761905
2017-12-01,247.847,106.5360,1.3415000000000000
2018-01-01,248.816,106.2655,1.4323809523809524
2018-02-01,249.475,106.6419,1.5878947368421053
2018-03-01,249.413,107.2519,1.7266666666666667
2018-04-01,249.957,108.2223,1.7880952380952381
2018-05-01,250.640,107.3639,1.8995454545454545
2018-06-01,251.176,108.1707,1.9352380952380952
2018-07-01,251.482,108.6520,1.9947619047619048
2018-08-01,251.905,109.5246,2.0726086956521739
2018-09-01,252.261,109.6749,2.1652631578947368
2018-10-01,252.777,109.9165,2.2931818181818182
2018-11-01,252.662,110.5067,2.3740000000000000
2018-12-01,252.653,110.5516,2.4121052631578947
2019-01-01,252.550,110.1185,2.4238095238095238
2019-02-01,253.181,109.5631,2.4378947368421053
2019-03-01,254.095,109.6811,2.4538095238095238
2019-04-01,254.943,108.9888,2.4328571428571429
2019-05-01,255.167,109.2264,2.4031818181818182
2019-06-01,255.402,109.2774,2.2195000000000000
2019-07-01,256.087,109.0852,2.1450000000000000
2019-08-01,256.294,109.8543,1.9904545454545455
2019-09-01,256.593,109.4725,1.9345000000000000
2019-10-01,257.229,109.0270,1.6786363636363636
2019-11-01,257.824,110.0388,1.5721052631578947
2019-12-01,258.444,109.6527,1.5652380952380952
2020-01-01,258.820,109.2128,1.5523809523809524
2020-02-01,259.050,109.3608,1.5447368421052632
2020-03-01,257.953,104.3554,0.29545454545454545455
2020-04-01,255.902,91.2823,0.13809523809523809524
2020-05-01,255.768,92.5503,0.12750000000000000000
2020-06-01,.,.,0.15954545454545454545
2020-07-01,.,.,.
